composition,base_system,temperature,temp_K,element,D_cm2_s,r2,intercept_A2,n_runs,slope,p_value,std_err,n_fit_points,fit_range_ps
pt8sn0-2-best,pt8sn0-2-best,200K,200,Pt,-2.654527e-10,4.512336e-02,2.912647e-02,3,-1.592716e-05,5.214538e-05,3.888635e-06,357,50.0-500.0
pt8sn0-2-best,pt8sn0-2-best,200K,200,Sn,-2.654527e-10,4.512336e-02,2.912647e-02,3,-1.592716e-05,5.214538e-05,3.888635e-06,357,50.0-500.0
pt8sn0-2-best,pt8sn0-2-best,300K,300,Pt,9.706071e-10,2.162523e-01,4.126230e-02,6,5.823642e-05,1.482601e-20,5.884211e-06,357,50.0-500.0
pt8sn0-2-best,pt8sn0-2-best,300K,300,Sn,9.706071e-10,2.162523e-01,4.126230e-02,6,5.823642e-05,1.482601e-20,5.884211e-06,357,50.0-500.0
pt8sn0-2-best,pt8sn0-2-best,400K,400,Pt,7.847486e-10,7.749482e-02,6.432525e-02,5,4.708491e-05,8.920860e-08,8.622152e-06,357,50.0-500.0
pt8sn0-2-best,pt8sn0-2-best,400K,400,Sn,7.847486e-10,7.749482e-02,6.432525e-02,5,4.708491e-05,8.920860e-08,8.622152e-06,357,50.0-500.0
pt8sn0-2-best,pt8sn0-2-best,500K,500,Pt,-1.225526e-09,1.279161e-01,9.440784e-02,4,-7.353153e-05,3.267540e-12,1.019004e-05,357,50.0-500.0
pt8sn0-2-best,pt8sn0-2-best,500K,500,Sn,-1.225526e-09,1.279161e-01,9.440784e-02,4,-7.353153e-05,3.267540e-12,1.019004e-05,357,50.0-500.0
pt8sn0-2-best,pt8sn0-2-best,600K,600,Pt,1.206635e-09,3.085997e-02,1.128211e-01,5,7.239808e-05,8.575857e-04,2.153319e-05,357,50.0-500.0
pt8sn0-2-best,pt8sn0-2-best,600K,600,Sn,1.206635e-09,3.085997e-02,1.128211e-01,5,7.239808e-05,8.575857e-04,2.153319e-05,357,50.0-500.0
pt8sn0-2-best,pt8sn0-2-best,700K,700,Pt,-3.807680e-09,1.459761e-01,1.864448e-01,6,-2.284608e-04,7.472427e-14,2.932863e-05,357,50.0-500.0
pt8sn0-2-best,pt8sn0-2-best,700K,700,Sn,-3.807680e-09,1.459761e-01,1.864448e-01,6,-2.284608e-04,7.472427e-14,2.932863e-05,357,50.0-500.0
pt8sn0-2-best,pt8sn0-2-best,800K,800,Pt,-7.916318e-09,2.719691e-01,2.944983e-01,6,-4.749791e-04,2.739413e-26,4.124539e-05,357,50.0-500.0
pt8sn0-2-best,pt8sn0-2-best,800K,800,Sn,-7.916318e-09,2.719691e-01,2.944983e-01,6,-4.749791e-04,2.739413e-26,4.124539e-05,357,50.0-500.0
pt8sn0-2-best,pt8sn0-2-best,900K,900,Pt,1.433357e-08,3.141441e-01,3.016850e-01,5,8.600141e-04,6.407214e-31,6.744400e-05,357,50.0-500.0
pt8sn0-2-best,pt8sn0-2-best,900K,900,Sn,1.433357e-08,3.141441e-01,3.016850e-01,5,8.600141e-04,6.407214e-31,6.744400e-05,357,50.0-500.0
pt8sn0-2-best,pt8sn0-2-best,1000K,1000,Pt,2.095695e-08,1.791170e-01,4.763472e-01,5,1.257417e-03,6.018271e-17,1.428688e-04,357,50.0-500.0
pt8sn0-2-best,pt8sn0-2-best,1000K,1000,Sn,2.095695e-08,1.791170e-01,4.763472e-01,5,1.257417e-03,6.018271e-17,1.428688e-04,357,50.0-500.0
pt8sn0-2-best,pt8sn0-2-best,1100K,1100,Pt,2.784377e-07,8.067347e-01,2.664426e+00,5,1.670626e-02,9.229873e-129,4.339870e-04,357,50.0-500.0
pt8sn0-2-best,pt8sn0-2-best,1100K,1100,Sn,2.784377e-07,8.067347e-01,2.664426e+00,5,1.670626e-02,9.229873e-129,4.339870e-04,357,50.0-500.0
pt8sn1-2-best,pt8sn1-2-best,200K,200,Pt,8.527359e-09,4.565642e-01,4.593160e-02,3,5.116416e-04,6.083488e-49,2.962613e-05,357,50.0-500.0
pt8sn1-2-best,pt8sn1-2-best,200K,200,PtSn,8.183780e-09,4.579553e-01,4.916464e-02,3,4.910268e-04,3.853993e-49,2.835287e-05,357,50.0-500.0
pt8sn1-2-best,pt8sn1-2-best,200K,200,Sn,3.666860e-09,9.573573e-02,9.166805e-02,3,2.200116e-04,2.331272e-09,3.588740e-05,357,50.0-500.0
pt8sn1-2-best,pt8sn1-2-best,300K,300,Pt,-6.521153e-09,1.588527e-01,2.247688e-01,2,-3.912692e-04,4.837181e-15,4.778595e-05,357,50.0-500.0
pt8sn1-2-best,pt8sn1-2-best,300K,300,PtSn,-6.011371e-09,1.308366e-01,2.253527e-01,2,-3.606823e-04,1.782067e-12,4.933973e-05,357,50.0-500.0
pt8sn1-2-best,pt8sn1-2-best,300K,300,Sn,-3.268527e-11,2.079280e-06,2.107140e-01,4,-1.961116e-06,9.783403e-01,7.218255e-05,357,50.0-500.0
pt8sn1-2-best,pt8sn1-2-best,400K,400,Pt,3.302064e-09,1.347182e-02,2.083886e-01,3,1.981238e-04,2.832409e-02,8.998377e-05,357,50.0-500.0
pt8sn1-2-best,pt8sn1-2-best,400K,400,PtSn,4.601778e-09,2.470428e-02,2.031979e-01,3,2.761067e-04,2.902616e-03,9.207564e-05,357,50.0-500.0
pt8sn1-2-best,pt8sn1-2-best,400K,400,Sn,3.749505e-09,1.184879e-02,2.678740e-01,5,2.249703e-04,3.982117e-02,1.090400e-04,357,50.0-500.0
pt8sn1-2-best,pt8sn1-2-best,500K,500,Pt,3.464716e-08,6.061184e-01,2.816582e-01,5,2.078830e-03,8.163392e-74,8.894241e-05,357,50.0-500.0
pt8sn1-2-best,pt8sn1-2-best,500K,500,PtSn,3.714748e-08,6.061190e-01,2.915435e-01,5,2.228849e-03,8.161142e-74,9.536083e-05,357,50.0-500.0
pt8sn1-2-best,pt8sn1-2-best,500K,500,Sn,7.159168e-08,2.410353e-01,-3.023715e-02,3,4.295501e-03,4.688754e-23,4.045480e-04,357,50.0-500.0
pt8sn1-2-best,pt8sn1-2-best,600K,600,Pt,1.060345e-08,4.061255e-02,1.857266e+00,5,6.362073e-04,1.261968e-04,1.641162e-04,357,50.0-500.0
pt8sn1-2-best,pt8sn1-2-best,600K,600,PtSn,1.362135e-08,7.276879e-02,1.866999e+00,5,8.172811e-04,2.275648e-07,1.548384e-04,357,50.0-500.0
pt8sn1-2-best,pt8sn1-2-best,600K,600,Sn,5.329588e-08,1.892912e-01,1.994960e+00,5,3.197753e-03,6.403345e-18,3.512351e-04,357,50.0-500.0
pt8sn1-2-best,pt8sn1-2-best,700K,700,Pt,4.307561e-07,8.729096e-01,1.799805e+00,3,2.584537e-02,4.323943e-161,5.234079e-04,357,50.0-500.0
pt8sn1-2-best,pt8sn1-2-best,700K,700,PtSn,4.713938e-07,9.167533e-01,1.735558e+00,3,2.828363e-02,1.024313e-193,4.523538e-04,357,50.0-500.0
pt8sn1-2-best,pt8sn1-2-best,700K,700,Sn,6.526538e-07,7.597979e-01,6.906001e-01,5,3.915923e-02,5.472242e-112,1.168582e-03,357,50.0-500.0
pt8sn1-2-best,pt8sn1-2-best,800K,800,Pt,7.905445e-07,9.190157e-01,3.427010e+00,5,4.743267e-02,7.689141e-196,7.473125e-04,357,50.0-500.0
pt8sn1-2-best,pt8sn1-2-best,800K,800,PtSn,8.552806e-07,9.344273e-01,3.230169e+00,5,5.131684e-02,4.068733e-212,7.214967e-04,357,50.0-500.0
pt8sn1-2-best,pt8sn1-2-best,800K,800,Sn,1.706343e-06,8.664988e-01,6.423568e-01,5,1.023806e-01,2.698042e-157,2.132859e-03,357,50.0-500.0
pt8sn1-2-best,pt8sn1-2-best,900K,900,Pt,1.375101e-06,7.572037e-01,7.380915e+00,2,8.250605e-02,3.689575e-111,2.479626e-03,357,50.0-500.0
pt8sn1-2-best,pt8sn1-2-best,900K,900,PtSn,1.199460e-06,7.868927e-01,9.471773e+00,2,7.196762e-02,3.194720e-121,1.987762e-03,357,50.0-500.0
pt8sn1-2-best,pt8sn1-2-best,1000K,1000,Pt,1.529402e-06,8.856453e-01,4.190407e+00,1,9.176414e-02,3.110521e-169,1.750072e-03,357,50.0-500.0
pt8sn1-2-best,pt8sn1-2-best,1000K,1000,PtSn,1.707690e-06,8.541345e-01,3.595392e+00,1,1.024614e-01,1.828689e-150,2.247291e-03,357,50.0-500.0
pt8sn1-2-best,pt8sn1-2-best,1000K,1000,Sn,4.051560e-06,5.098766e-01,-4.227070e+00,1,2.430936e-01,6.321904e-57,1.264968e-02,357,50.0-500.0
pt8sn1-2-best,pt8sn1-2-best,1100K,1100,Pt,1.777408e-06,8.768451e-01,4.784960e+00,2,1.066445e-01,1.622028e-163,2.121234e-03,357,50.0-500.0
pt8sn1-2-best,pt8sn1-2-best,1100K,1100,PtSn,1.929670e-06,8.398935e-01,5.213208e+00,2,1.157802e-01,2.797403e-143,2.682949e-03,357,50.0-500.0
pt8sn10-2-best,pt8sn10-2-best,200K,200,Pt,1.422559e-08,1.492525e-01,4.176683e-01,3,8.535353e-04,3.736805e-14,1.081551e-04,357,50.0-500.0
pt8sn10-2-best,pt8sn10-2-best,200K,200,PtSn,1.383295e-08,1.146816e-01,4.602469e-01,3,8.299773e-04,4.988806e-11,1.223925e-04,357,50.0-500.0
pt8sn10-2-best,pt8sn10-2-best,200K,200,Sn,1.331675e-08,7.405309e-02,5.162233e-01,3,7.990052e-04,1.764850e-07,1.499536e-04,357,50.0-500.0
pt8sn10-2-best,pt8sn10-2-best,300K,300,Pt,1.274099e-07,8.508833e-01,-9.583184e-02,5,7.644596e-03,9.168765e-149,1.698512e-04,357,50.0-500.0
pt8sn10-2-best,pt8sn10-2-best,300K,300,PtSn,1.749340e-07,9.354490e-01,1.621267e-02,5,1.049604e-02,2.504294e-213,1.463365e-04,357,50.0-500.0
pt8sn10-2-best,pt8sn10-2-best,300K,300,Sn,2.374116e-07,9.412403e-01,1.635123e-01,5,1.424470e-02,1.416574e-220,1.888985e-04,357,50.0-500.0
pt8sn10-2-best,pt8sn10-2-best,400K,400,Pt,1.998515e-07,6.514574e-01,2.849454e-01,6,1.199109e-02,2.946707e-83,4.655104e-04,357,50.0-500.0
pt8sn10-2-best,pt8sn10-2-best,400K,400,PtSn,2.013787e-07,6.605638e-01,3.245828e-01,6,1.208272e-02,2.663854e-85,4.596978e-04,357,50.0-500.0
pt8sn10-2-best,pt8sn10-2-best,400K,400,Sn,2.033865e-07,6.667171e-01,3.766925e-01,6,1.220319e-02,1.031007e-86,4.579256e-04,357,50.0-500.0
pt8sn10-2-best,pt8sn10-2-best,500K,500,Pt,2.324238e-07,8.534004e-01,9.896740e-01,4,1.394543e-02,4.459576e-150,3.067663e-04,357,50.0-500.0
pt8sn10-2-best,pt8sn10-2-best,500K,500,PtSn,4.581358e-07,8.866350e-01,1.299764e+00,2,2.748815e-02,6.644859e-170,5.216729e-04,357,50.0-500.0
pt8sn10-2-best,pt8sn10-2-best,500K,500,Sn,8.736585e-07,9.057913e-01,6.695142e-01,2,5.241951e-02,3.540362e-184,8.972434e-04,357,50.0-500.0
pt8sn10-2-best,pt8sn10-2-best,600K,600,Pt,5.008623e-07,7.920066e-01,5.112243e-01,6,3.005174e-02,4.271886e-123,8.173644e-04,357,50.0-500.0
pt8sn10-2-best,pt8sn10-2-best,600K,600,PtSn,7.785802e-07,9.194617e-01,5.153486e-01,6,4.671481e-02,2.884667e-196,7.337953e-04,357,50.0-500.0
pt8sn10-2-best,pt8sn10-2-best,600K,600,Sn,1.143683e-06,9.656488e-01,5.207724e-01,6,6.862095e-02,5.802987e-262,6.869160e-04,357,50.0-500.0
pt8sn10-2-best,pt8sn10-2-best,700K,700,Pt,3.625147e-07,7.977933e-01,2.964437e+00,5,2.175088e-02,2.844231e-125,5.811862e-04,357,50.0-500.0
pt8sn10-2-best,pt8sn10-2-best,700K,700,PtSn,5.286946e-07,9.028934e-01,3.358749e+00,5,3.172168e-02,7.677923e-182,5.521387e-04,357,50.0-500.0
pt8sn10-2-best,pt8sn10-2-best,700K,700,Sn,7.471633e-07,9.400401e-01,3.877134e+00,5,4.482980e-02,5.130896e-219,6.009107e-04,357,50.0-500.0
pt8sn10-2-best,pt8sn10-2-best,800K,800,Pt,3.278378e-07,7.197965e-01,3.285457e+00,5,1.967027e-02,4.207377e-100,6.513704e-04,357,50.0-500.0
pt8sn10-2-best,pt8sn10-2-best,800K,800,PtSn,7.409990e-07,8.338143e-01,5.146416e+00,5,4.445994e-02,2.094754e-140,1.053457e-03,357,50.0-500.0
pt8sn10-2-best,pt8sn10-2-best,800K,800,Sn,1.284163e-06,8.545783e-01,7.592929e+00,5,7.704975e-02,1.064409e-150,1.686925e-03,357,50.0-500.0
pt8sn10-2-best,pt8sn10-2-best,900K,900,PtSn,3.127936e-06,8.921676e-01,1.037464e+01,2,1.876761e-01,9.207801e-174,3.462951e-03,357,50.0-500.0
pt8sn10-2-best,pt8sn10-2-best,900K,900,Sn,3.624018e-06,9.088968e-01,1.305285e+01,2,2.174411e-01,9.211536e-187,3.653734e-03,357,50.0-500.0
pt8sn10-2-best,pt8sn10-2-best,1000K,1000,Pt,2.578726e-06,9.330118e-01,5.205703e+00,2,1.547236e-01,1.803772e-210,2.200381e-03,357,50.0-500.0
pt8sn10-2-best,pt8sn10-2-best,1000K,1000,PtSn,3.642479e-06,9.383154e-01,2.427301e+00,1,2.185487e-01,7.881761e-217,2.974048e-03,357,50.0-500.0
pt8sn10-2-best,pt8sn10-2-best,1000K,1000,Sn,4.630678e-06,9.283915e-01,-7.914157e-02,1,2.778407e-01,2.505072e-205,4.095421e-03,357,50.0-500.0
pt8sn10-2-best,pt8sn10-2-best,1100K,1100,Pt,5.635062e-06,9.392046e-01,1.084696e+01,2,3.381037e-01,5.984970e-218,4.565526e-03,357,50.0-500.0
pt8sn2-1-best,pt8sn2-1-best,200K,200,Pt,4.562491e-09,2.191293e-01,6.783397e-02,3,2.737495e-04,7.668805e-21,2.742700e-05,357,50.0-500.0
pt8sn2-1-best,pt8sn2-1-best,200K,200,PtSn,4.797420e-09,2.383265e-01,6.991834e-02,3,2.878452e-04,8.873560e-23,2.731135e-05,357,50.0-500.0
pt8sn2-1-best,pt8sn2-1-best,200K,200,Sn,6.341628e-09,2.734819e-01,8.361967e-02,3,3.804977e-04,1.888515e-26,3.291522e-05,357,50.0-500.0
pt8sn2-1-best,pt8sn2-1-best,300K,300,Pt,7.295442e-09,4.730760e-01,9.564136e-02,6,4.377265e-04,2.500216e-51,2.451869e-05,357,50.0-500.0
pt8sn2-1-best,pt8sn2-1-best,300K,300,PtSn,7.379195e-09,4.747981e-01,9.993902e-02,6,4.427517e-04,1.395866e-51,2.471466e-05,357,50.0-500.0
pt8sn2-1-best,pt8sn2-1-best,300K,300,Sn,7.929749e-09,3.627323e-01,1.281886e-01,6,4.757849e-04,1.293474e-36,3.347067e-05,357,50.0-500.0
pt8sn2-1-best,pt8sn2-1-best,400K,400,Pt,6.168011e-09,1.976788e-01,1.763671e-01,6,3.700807e-04,9.898207e-19,3.957094e-05,357,50.0-500.0
pt8sn2-1-best,pt8sn2-1-best,400K,400,PtSn,5.558476e-09,1.697750e-01,1.868856e-01,6,3.335086e-04,4.603371e-16,3.914297e-05,357,50.0-500.0
pt8sn2-1-best,pt8sn2-1-best,400K,400,Sn,1.551802e-09,1.060738e-02,2.560268e-01,6,9.310812e-05,5.185591e-02,4.772584e-05,357,50.0-500.0
pt8sn2-1-best,pt8sn2-1-best,500K,500,Pt,-8.493431e-09,2.304038e-01,3.012756e-01,5,-5.096059e-04,5.661950e-22,4.943185e-05,357,50.0-500.0
pt8sn2-1-best,pt8sn2-1-best,500K,500,PtSn,-9.015750e-09,2.552867e-01,3.114002e-01,5,-5.409450e-04,1.576136e-24,4.903649e-05,357,50.0-500.0
pt8sn2-1-best,pt8sn2-1-best,500K,500,Sn,-1.244912e-08,2.928589e-01,3.779522e-01,5,-7.469473e-04,1.505314e-28,6.160268e-05,357,50.0-500.0
pt8sn2-1-best,pt8sn2-1-best,600K,600,Pt,-7.218037e-10,1.359479e-03,3.329204e-01,4,-4.330822e-05,4.873986e-01,6.229805e-05,357,50.0-500.0
pt8sn2-1-best,pt8sn2-1-best,600K,600,PtSn,4.805527e-10,6.232809e-04,3.389957e-01,4,2.883316e-05,6.382621e-01,6.127747e-05,357,50.0-500.0
pt8sn2-1-best,pt8sn2-1-best,600K,600,Sn,8.383939e-09,8.226696e-02,3.789303e-01,4,5.030363e-04,3.454714e-08,8.917244e-05,357,50.0-500.0
pt8sn2-1-best,pt8sn2-1-best,700K,700,Pt,1.515820e-07,5.452681e-01,5.000129e-01,5,9.094919e-03,1.020446e-62,4.408159e-04,357,50.0-500.0
pt8sn2-1-best,pt8sn2-1-best,700K,700,PtSn,2.805905e-07,6.104256e-01,4.973641e-01,3,1.683543e-02,1.155370e-74,7.138201e-04,357,50.0-500.0
pt8sn2-1-best,pt8sn2-1-best,700K,700,Sn,4.823315e-07,5.537254e-01,5.915263e-01,3,2.893989e-02,3.616413e-64,1.378912e-03,357,50.0-500.0
pt8sn2-1-best,pt8sn2-1-best,800K,800,Pt,6.092235e-07,5.228541e-01,5.448408e+00,2,3.655341e-02,5.330992e-59,1.853314e-03,357,50.0-500.0
pt8sn2-1-best,pt8sn2-1-best,800K,800,PtSn,8.472334e-07,8.645175e-01,3.226956e+00,3,5.083400e-02,3.691708e-156,1.068058e-03,357,50.0-500.0
pt8sn2-1-best,pt8sn2-1-best,800K,800,Sn,2.849351e-07,4.108497e-01,4.924284e+00,4,1.709611e-02,1.079165e-42,1.086562e-03,357,50.0-500.0
pt8sn2-1-best,pt8sn2-1-best,900K,900,Pt,7.771044e-07,9.562198e-01,2.168825e+00,4,4.662626e-02,2.903624e-243,5.295126e-04,357,50.0-500.0
pt8sn2-1-best,pt8sn2-1-best,900K,900,PtSn,7.453098e-07,9.550432e-01,2.361071e+00,4,4.471859e-02,3.218235e-241,5.149440e-04,357,50.0-500.0
pt8sn2-1-best,pt8sn2-1-best,900K,900,Sn,7.804660e-07,5.608698e-01,2.167138e+00,2,4.682796e-02,2.048553e-65,2.199159e-03,357,50.0-500.0
pt8sn2-1-best,pt8sn2-1-best,1100K,1100,Pt,3.836958e-06,8.325042e-01,-1.667429e+00,1,2.302175e-01,8.448830e-140,5.480660e-03,357,50.0-500.0
pt8sn2-1-best,pt8sn2-1-best,1100K,1100,PtSn,3.825892e-06,8.350837e-01,-9.478940e-01,1,2.295535e-01,5.366467e-141,5.414227e-03,357,50.0-500.0
pt8sn2-1-best,pt8sn2-1-best,1100K,1100,Sn,3.753146e-06,7.832168e-01,3.781849e+00,1,2.251888e-01,6.664607e-120,6.287881e-03,357,50.0-500.0
pt8sn3-1-best,pt8sn3-1-best,200K,200,Pt,-4.555024e-09,1.760778e-01,1.508197e-01,3,-2.733014e-04,1.169357e-16,3.137751e-05,357,50.0-500.0
pt8sn3-1-best,pt8sn3-1-best,200K,200,PtSn,-4.626564e-09,1.594291e-01,1.604591e-01,3,-2.775938e-04,4.275491e-15,3.382976e-05,357,50.0-500.0
pt8sn3-1-best,pt8sn3-1-best,200K,200,Sn,-4.940070e-09,1.019573e-01,2.027009e-01,3,-2.964042e-04,6.643558e-10,4.668846e-05,357,50.0-500.0
pt8sn3-1-best,pt8sn3-1-best,300K,300,Pt,4.542791e-08,4.290894e-01,-9.544733e-03,4,2.725674e-03,3.976284e-45,1.668668e-04,357,50.0-500.0
pt8sn3-1-best,pt8sn3-1-best,300K,300,PtSn,5.086661e-08,4.267964e-01,-1.047611e-02,4,3.051997e-03,8.121194e-45,1.877215e-04,357,50.0-500.0
pt8sn3-1-best,pt8sn3-1-best,300K,300,Sn,7.470000e-08,4.130467e-01,-1.455775e-02,4,4.482000e-03,5.545515e-43,2.835697e-04,357,50.0-500.0
pt8sn3-1-best,pt8sn3-1-best,400K,400,Pt,9.217876e-08,8.897320e-01,6.029786e-01,5,5.530725e-03,4.858802e-172,1.033387e-04,357,50.0-500.0
pt8sn3-1-best,pt8sn3-1-best,400K,400,PtSn,1.127151e-07,9.072031e-01,7.003974e-01,5,6.762908e-03,2.424920e-185,1.147978e-04,357,50.0-500.0
pt8sn3-1-best,pt8sn3-1-best,400K,400,Sn,2.027091e-07,9.250428e-01,1.127305e+00,5,1.216254e-02,8.370712e-202,1.837537e-04,357,50.0-500.0
pt8sn3-1-best,pt8sn3-1-best,500K,500,Pt,8.054806e-08,7.180433e-01,7.622332e-01,5,4.832883e-03,1.274503e-99,1.607341e-04,357,50.0-500.0
pt8sn3-1-best,pt8sn3-1-best,500K,500,PtSn,9.595716e-08,7.698229e-01,8.355018e-01,5,5.757430e-03,2.811778e-115,1.670899e-04,357,50.0-500.0
pt8sn3-1-best,pt8sn3-1-best,500K,500,Sn,1.634829e-07,8.132834e-01,1.156576e+00,5,9.808972e-03,2.023526e-131,2.494479e-04,357,50.0-500.0
pt8sn3-1-best,pt8sn3-1-best,600K,600,Pt,2.711545e-07,8.906870e-01,7.320432e-01,3,1.626927e-02,1.036915e-172,3.025012e-04,357,50.0-500.0
pt8sn3-1-best,pt8sn3-1-best,600K,600,PtSn,1.871491e-07,8.809434e-01,1.247019e+00,4,1.122894e-02,3.982068e-166,2.190924e-04,357,50.0-500.0
pt8sn3-1-best,pt8sn3-1-best,600K,600,Sn,4.184580e-08,5.160962e-02,2.988725e+00,3,2.510748e-03,1.463319e-05,5.712382e-04,357,50.0-500.0
pt8sn3-1-best,pt8sn3-1-best,700K,700,Pt,5.417389e-07,9.228364e-01,1.258473e+00,4,3.250433e-02,1.443875e-199,4.988510e-04,357,50.0-500.0
pt8sn3-1-best,pt8sn3-1-best,700K,700,PtSn,5.378029e-07,9.282617e-01,1.349097e+00,4,3.226817e-02,3.454624e-205,4.761026e-04,357,50.0-500.0
pt8sn3-1-best,pt8sn3-1-best,700K,700,Sn,5.205556e-07,8.256106e-01,1.746226e+00,4,3.123333e-02,1.090663e-136,7.618624e-04,357,50.0-500.0
pt8sn3-1-best,pt8sn3-1-best,800K,800,Pt,1.262235e-06,9.248253e-01,-7.173429e-02,4,7.573409e-02,1.399936e-201,1.145996e-03,357,50.0-500.0
pt8sn3-1-best,pt8sn3-1-best,800K,800,PtSn,1.363346e-06,9.303052e-01,-4.062615e-01,4,8.180079e-02,2.042853e-207,1.188313e-03,357,50.0-500.0
pt8sn3-1-best,pt8sn3-1-best,800K,800,Sn,1.806437e-06,9.085245e-01,-1.872228e+00,4,1.083862e-01,1.900235e-186,1.825341e-03,357,50.0-500.0
pt8sn3-1-best,pt8sn3-1-best,900K,900,Pt,1.238343e-06,5.515252e-01,6.112946e+00,3,7.430060e-02,8.674900e-64,3.556023e-03,357,50.0-500.0
pt8sn3-1-best,pt8sn3-1-best,900K,900,PtSn,1.167960e-06,5.184759e-01,6.702646e+00,3,7.007759e-02,2.708546e-58,3.584344e-03,357,50.0-500.0
pt8sn3-1-best,pt8sn3-1-best,900K,900,Sn,6.884134e-07,3.316383e-01,9.327852e+00,4,4.130480e-02,6.358047e-33,3.112145e-03,357,50.0-500.0
pt8sn3-1-best,pt8sn3-1-best,1000K,1000,Sn,5.038700e-06,8.566741e-01,8.035754e+00,1,3.023220e-01,8.082104e-152,6.563116e-03,357,50.0-500.0
pt8sn3-1-best,pt8sn3-1-best,1100K,1100,Pt,4.785560e-07,1.952411e-01,1.597334e+01,2,2.871336e-02,1.706206e-18,3.093977e-03,357,50.0-500.0
pt8sn3-1-best,pt8sn3-1-best,1100K,1100,PtSn,5.561609e-07,3.597392e-01,1.268813e+01,1,3.336965e-02,2.983597e-36,2.362774e-03,357,50.0-500.0
pt8sn3-1-best,pt8sn3-1-best,1100K,1100,Sn,2.217919e-06,7.257826e-01,5.976464e+00,1,1.330751e-01,9.068206e-102,4.341371e-03,357,50.0-500.0
pt8sn4-1-best,pt8sn4-1-best,200K,200,Pt,1.149293e-09,4.160982e-02,7.718337e-02,3,6.895756e-05,1.037920e-04,1.756471e-05,357,50.0-500.0
pt8sn4-1-best,pt8sn4-1-best,200K,200,PtSn,1.934219e-09,9.277577e-02,8.604142e-02,3,1.160531e-04,4.226431e-09,1.926117e-05,357,50.0-500.0
pt8sn4-1-best,pt8sn4-1-best,200K,200,Sn,4.513964e-09,1.771405e-01,1.151546e-01,3,2.708379e-04,9.272392e-17,3.098126e-05,357,50.0-500.0
pt8sn4-1-best,pt8sn4-1-best,300K,300,Pt,4.833656e-09,1.013550e-01,1.183053e-01,4,2.900194e-04,7.504193e-10,4.583363e-05,357,50.0-500.0
pt8sn4-1-best,pt8sn4-1-best,300K,300,PtSn,2.778397e-10,5.209126e-04,1.657261e-01,3,1.667038e-05,6.673549e-01,3.875573e-05,357,50.0-500.0
pt8sn4-1-best,pt8sn4-1-best,300K,300,Sn,4.204727e-10,6.325292e-04,2.365295e-01,3,2.522836e-05,6.357808e-01,5.322274e-05,357,50.0-500.0
pt8sn4-1-best,pt8sn4-1-best,400K,400,Pt,-2.572782e-09,1.074663e-01,1.967213e-01,4,-1.543669e-04,2.173610e-10,2.361111e-05,357,50.0-500.0
pt8sn4-1-best,pt8sn4-1-best,400K,400,PtSn,-3.245842e-09,1.162980e-01,2.325549e-01,4,-1.947505e-04,3.582753e-11,2.849254e-05,357,50.0-500.0
pt8sn4-1-best,pt8sn4-1-best,400K,400,Sn,-5.457938e-09,9.581757e-02,3.503269e-01,4,-3.274763e-04,2.293193e-09,5.339138e-05,357,50.0-500.0
pt8sn4-1-best,pt8sn4-1-best,500K,500,Pt,5.748818e-09,5.510626e-02,2.974352e-01,4,3.449291e-04,7.371958e-06,7.580654e-05,357,50.0-500.0
pt8sn4-1-best,pt8sn4-1-best,500K,500,PtSn,5.442702e-09,3.991423e-02,3.490749e-01,4,3.265621e-04,1.447108e-04,8.500467e-05,357,50.0-500.0
pt8sn4-1-best,pt8sn4-1-best,500K,500,Sn,4.436611e-09,1.319015e-02,5.187953e-01,4,2.661967e-04,3.003948e-02,1.222026e-04,357,50.0-500.0
pt8sn4-1-best,pt8sn4-1-best,600K,600,Pt,3.280894e-07,6.171310e-01,4.147297e+00,5,1.968537e-02,5.272260e-76,8.229354e-04,357,50.0-500.0
pt8sn4-1-best,pt8sn4-1-best,600K,600,PtSn,2.427796e-07,4.204057e-01,4.737157e+00,5,1.456678e-02,5.855356e-44,9.077725e-04,357,50.0-500.0
pt8sn4-1-best,pt8sn4-1-best,600K,600,Sn,-3.760303e-08,9.586220e-03,6.675812e+00,5,-2.256182e-03,6.461755e-02,1.217151e-03,357,50.0-500.0
pt8sn4-1-best,pt8sn4-1-best,700K,700,Pt,3.114253e-07,9.369815e-01,2.893926e+00,5,1.868552e-02,3.516881e-215,2.571932e-04,357,50.0-500.0
pt8sn4-1-best,pt8sn4-1-best,700K,700,PtSn,3.551386e-07,9.320575e-01,3.396934e+00,5,2.130832e-02,2.222515e-209,3.053405e-04,357,50.0-500.0
pt8sn4-1-best,pt8sn4-1-best,700K,700,Sn,4.988084e-07,8.739478e-01,5.050134e+00,5,2.992851e-02,1.007597e-161,6.032583e-04,357,50.0-500.0
pt8sn4-1-best,pt8sn4-1-best,800K,800,Pt,5.259557e-07,9.000460e-01,4.499537e+00,4,3.155734e-02,1.299592e-179,5.581540e-04,357,50.0-500.0
pt8sn4-1-best,pt8sn4-1-best,800K,800,PtSn,6.915492e-07,9.450049e-01,4.164111e+00,4,4.149295e-02,1.112519e-225,5.312578e-04,357,50.0-500.0
pt8sn4-1-best,pt8sn4-1-best,800K,800,Sn,1.235793e-06,9.646242e-01,3.061685e+00,4,7.414760e-02,1.070838e-259,7.536282e-04,357,50.0-500.0
pt8sn4-1-best,pt8sn4-1-best,900K,900,Pt,1.129157e-06,9.067131e-01,1.354898e+00,2,6.774941e-02,6.177336e-185,1.153365e-03,357,50.0-500.0
pt8sn4-1-best,pt8sn4-1-best,900K,900,PtSn,1.153248e-06,8.952880e-01,1.099087e+00,2,6.919491e-02,5.008893e-176,1.255963e-03,357,50.0-500.0
pt8sn4-1-best,pt8sn4-1-best,900K,900,Sn,1.232430e-06,8.178856e-01,2.583307e-01,2,7.394577e-02,2.404380e-133,1.851932e-03,357,50.0-500.0
pt8sn4-1-best,pt8sn4-1-best,1100K,1100,Pt,1.477859e-05,8.415046e-01,-2.653834e+01,2,8.867152e-01,4.642412e-144,2.042444e-02,357,50.0-500.0
pt8sn4-1-best,pt8sn4-1-best,1100K,1100,PtSn,1.508850e-05,8.518689e-01,-2.685302e+01,2,9.053097e-01,2.823811e-149,2.003640e-02,357,50.0-500.0
pt8sn4-1-best,pt8sn4-1-best,1100K,1100,Sn,1.610706e-05,8.706916e-01,-2.788730e+01,2,9.664234e-01,9.335380e-160,1.976671e-02,357,50.0-500.0
pt8sn5-1-best,pt8sn5-1-best,200K,200,Pt,5.261612e-08,5.918673e-01,2.872896e-01,3,3.156967e-03,4.537548e-71,1.391376e-04,357,50.0-500.0
pt8sn5-1-best,pt8sn5-1-best,200K,200,PtSn,5.013452e-08,4.669454e-01,4.138476e-01,3,3.008071e-03,1.961030e-50,1.705795e-04,357,50.0-500.0
pt8sn5-1-best,pt8sn5-1-best,200K,200,Sn,4.360956e-08,2.186907e-01,7.466077e-01,3,2.616573e-03,8.480949e-21,2.624914e-04,357,50.0-500.0
pt8sn5-1-best,pt8sn5-1-best,300K,300,Pt,1.498518e-08,1.820052e-01,2.693091e-01,4,8.991108e-04,3.194422e-17,1.011655e-04,357,50.0-500.0
pt8sn5-1-best,pt8sn5-1-best,300K,300,PtSn,1.509392e-08,1.435070e-01,3.296113e-01,4,9.056354e-04,1.257713e-13,1.174261e-04,357,50.0-500.0
pt8sn5-1-best,pt8sn5-1-best,300K,300,Sn,1.537989e-08,8.136359e-02,4.881639e-01,4,9.227931e-04,4.135327e-08,1.645686e-04,357,50.0-500.0
pt8sn5-1-best,pt8sn5-1-best,400K,400,Pt,2.446802e-08,3.194593e-01,3.169997e-01,5,1.468081e-03,1.597226e-31,1.137248e-04,357,50.0-500.0
pt8sn5-1-best,pt8sn5-1-best,400K,400,PtSn,3.062249e-08,3.364122e-01,3.581311e-01,5,1.837349e-03,1.768824e-33,1.369591e-04,357,50.0-500.0
pt8sn5-1-best,pt8sn5-1-best,400K,400,Sn,4.680445e-08,3.475193e-01,4.662780e-01,5,2.808267e-03,8.700380e-35,2.042296e-04,357,50.0-500.0
pt8sn5-1-best,pt8sn5-1-best,500K,500,Pt,3.910219e-08,2.656306e-01,8.011867e-01,5,2.346131e-03,1.290964e-25,2.070410e-04,357,50.0-500.0
pt8sn5-1-best,pt8sn5-1-best,500K,500,PtSn,3.458935e-08,1.973514e-01,9.025143e-01,5,2.075361e-03,1.065013e-18,2.221376e-04,357,50.0-500.0
pt8sn5-1-best,pt8sn5-1-best,500K,500,Sn,2.272381e-08,6.504924e-02,1.168935e+00,5,1.363429e-03,1.044461e-06,2.743415e-04,357,50.0-500.0
pt8sn5-1-best,pt8sn5-1-best,600K,600,Pt,5.044332e-07,9.115707e-01,1.845977e+00,4,3.026599e-02,4.648503e-189,5.003151e-04,357,50.0-500.0
pt8sn5-1-best,pt8sn5-1-best,600K,600,PtSn,5.474900e-07,9.212372e-01,2.443578e+00,4,3.284940e-02,5.510766e-198,5.097862e-04,357,50.0-500.0
pt8sn5-1-best,pt8sn5-1-best,600K,600,Sn,6.606997e-07,9.123942e-01,4.014854e+00,4,3.964198e-02,8.828253e-190,6.519530e-04,357,50.0-500.0
pt8sn5-1-best,pt8sn5-1-best,700K,700,Pt,1.922119e-07,7.609405e-01,1.265942e+00,4,1.153272e-02,2.345752e-112,3.430798e-04,357,50.0-500.0
pt8sn5-1-best,pt8sn5-1-best,700K,700,PtSn,2.391497e-07,7.969905e-01,1.286762e+00,4,1.434898e-02,5.749750e-125,3.843604e-04,357,50.0-500.0
pt8sn5-1-best,pt8sn5-1-best,700K,700,Sn,3.625633e-07,8.009865e-01,1.341504e+00,4,2.175380e-02,1.682839e-126,5.755056e-04,357,50.0-500.0
pt8sn5-1-best,pt8sn5-1-best,800K,800,Pt,1.395932e-06,9.554640e-01,4.320677e+00,5,8.375594e-02,6.062278e-242,9.597321e-04,357,50.0-500.0
pt8sn5-1-best,pt8sn5-1-best,800K,800,PtSn,1.222062e-06,9.583936e-01,5.181708e+00,5,7.332375e-02,3.440992e-247,8.108467e-04,357,50.0-500.0
pt8sn5-1-best,pt8sn5-1-best,800K,800,Sn,7.649048e-07,8.824702e-01,7.445623e+00,5,4.589429e-02,4.025119e-167,8.889318e-04,357,50.0-500.0
pt8sn5-1-best,pt8sn5-1-best,900K,900,Pt,1.924357e-06,9.422652e-01,2.578463e+00,2,1.154614e-01,6.231002e-222,1.516893e-03,357,50.0-500.0
pt8sn5-1-best,pt8sn5-1-best,900K,900,PtSn,2.075846e-06,9.503730e-01,3.538960e+00,2,1.245508e-01,1.341010e-233,1.510581e-03,357,50.0-500.0
pt8sn5-1-best,pt8sn5-1-best,900K,900,Sn,4.915200e-06,9.366460e-01,-1.065047e+01,1,2.949120e-01,9.026208e-215,4.070779e-03,357,50.0-500.0
pt8sn5-1-best,pt8sn5-1-best,1000K,1000,Pt,4.475204e-06,9.172255e-01,1.355293e+00,2,2.685122e-01,3.730545e-194,4.281146e-03,357,50.0-500.0
pt8sn5-1-best,pt8sn5-1-best,1000K,1000,PtSn,5.272050e-06,9.330156e-01,-1.648111e+00,2,3.163230e-01,1.785815e-210,4.498410e-03,357,50.0-500.0
pt8sn5-1-best,pt8sn5-1-best,1000K,1000,Sn,7.367203e-06,9.310653e-01,-9.545001e+00,2,4.420322e-01,2.915513e-208,6.383645e-03,357,50.0-500.0
pt8sn6-1-best,pt8sn6-1-best,200K,200,Pt,-3.460913e-08,4.144332e-01,6.481964e-01,3,-2.076548e-03,3.638415e-43,1.310052e-04,357,50.0-500.0
pt8sn6-1-best,pt8sn6-1-best,200K,200,PtSn,-3.202554e-08,3.450812e-01,6.511268e-01,3,-1.921532e-03,1.692587e-34,1.404968e-04,357,50.0-500.0
pt8sn6-1-best,pt8sn6-1-best,200K,200,Sn,-2.636469e-08,2.096049e-01,6.575478e-01,3,-1.581881e-03,6.740643e-20,1.630351e-04,357,50.0-500.0
pt8sn6-1-best,pt8sn6-1-best,300K,300,Pt,-2.794578e-09,2.429141e-02,2.571212e-01,4,-1.676747e-04,3.151436e-03,5.640103e-05,357,50.0-500.0
pt8sn6-1-best,pt8sn6-1-best,300K,300,PtSn,-2.673638e-09,1.895074e-02,2.770668e-01,4,-1.604183e-04,9.205430e-03,6.125929e-05,357,50.0-500.0
pt8sn6-1-best,pt8sn6-1-best,300K,300,Sn,-2.408641e-09,1.092645e-02,3.207695e-01,4,-1.445185e-04,4.843719e-02,7.297664e-05,357,50.0-500.0
pt8sn6-1-best,pt8sn6-1-best,400K,400,Pt,-7.799571e-09,3.303113e-02,1.246343e+00,4,-4.679742e-04,5.591291e-04,1.343855e-04,357,50.0-500.0
pt8sn6-1-best,pt8sn6-1-best,400K,400,PtSn,-4.771847e-09,1.133371e-02,1.341305e+00,4,-2.863108e-04,4.441402e-02,1.419261e-04,357,50.0-500.0
pt8sn6-1-best,pt8sn6-1-best,400K,400,Sn,1.862130e-09,1.061087e-03,1.549376e+00,4,1.117278e-04,5.395601e-01,1.819453e-04,357,50.0-500.0
pt8sn6-1-best,pt8sn6-1-best,500K,500,Pt,7.864565e-08,6.072934e-01,7.639175e-01,4,4.718739e-03,4.798821e-74,2.013940e-04,357,50.0-500.0
pt8sn6-1-best,pt8sn6-1-best,500K,500,PtSn,8.056887e-08,5.912604e-01,8.520115e-01,4,4.834132e-03,5.909863e-71,2.133233e-04,357,50.0-500.0
pt8sn6-1-best,pt8sn6-1-best,500K,500,Sn,8.478269e-08,5.332917e-01,1.045034e+00,4,5.086961e-03,1.041242e-60,2.525716e-04,357,50.0-500.0
pt8sn6-1-best,pt8sn6-1-best,600K,600,Pt,6.002417e-08,4.167013e-01,9.072861e-01,4,3.601450e-03,1.822086e-43,2.261498e-04,357,50.0-500.0
pt8sn6-1-best,pt8sn6-1-best,600K,600,PtSn,5.593690e-08,3.436095e-01,1.053841e+00,4,3.356214e-03,2.526365e-34,2.461977e-04,357,50.0-500.0
pt8sn6-1-best,pt8sn6-1-best,600K,600,Sn,4.698148e-08,1.769057e-01,1.374954e+00,4,2.818889e-03,9.760328e-17,3.227139e-04,357,50.0-500.0
pt8sn6-1-best,pt8sn6-1-best,700K,700,Pt,1.264616e-06,9.352896e-01,9.549982e-01,4,7.587696e-02,3.880108e-213,1.059277e-03,357,50.0-500.0
pt8sn6-1-best,pt8sn6-1-best,700K,700,PtSn,1.252383e-06,9.368228e-01,1.197282e+00,4,7.514299e-02,5.496409e-215,1.035680e-03,357,50.0-500.0
pt8sn6-1-best,pt8sn6-1-best,700K,700,Sn,1.225581e-06,9.228225e-01,1.728142e+00,4,7.353485e-02,1.490831e-199,1.128665e-03,357,50.0-500.0
pt8sn6-1-best,pt8sn6-1-best,800K,800,Pt,1.591755e-06,8.880225e-01,2.597388e+00,4,9.550531e-02,7.461788e-171,1.799976e-03,357,50.0-500.0
pt8sn6-1-best,pt8sn6-1-best,800K,800,PtSn,1.670155e-06,8.822780e-01,3.245402e+00,4,1.002093e-01,5.380126e-167,1.942764e-03,357,50.0-500.0
pt8sn6-1-best,pt8sn6-1-best,800K,800,Sn,1.841937e-06,8.625858e-01,4.665262e+00,4,1.105162e-01,4.560984e-155,2.341135e-03,357,50.0-500.0
pt8sn6-1-best,pt8sn6-1-best,900K,900,Pt,9.662785e-07,9.550379e-01,3.540581e+00,3,5.797671e-02,3.286773e-241,6.676556e-04,357,50.0-500.0
pt8sn6-1-best,pt8sn6-1-best,900K,900,PtSn,1.063915e-06,9.592753e-01,3.676444e+00,3,6.383491e-02,7.678110e-249,6.980738e-04,357,50.0-500.0
pt8sn6-1-best,pt8sn6-1-best,900K,900,Sn,1.277847e-06,9.403957e-01,3.974126e+00,3,7.667085e-02,1.784888e-219,1.024471e-03,357,50.0-500.0
pt8sn6-1-best,pt8sn6-1-best,1000K,1000,Pt,1.277121e-06,6.619397e-01,9.894654e+00,4,7.662727e-02,1.294068e-85,2.906411e-03,357,50.0-500.0
pt8sn6-1-best,pt8sn6-1-best,1000K,1000,PtSn,1.594212e-06,8.061536e-01,8.319179e+00,4,9.565274e-02,1.573158e-128,2.489449e-03,357,50.0-500.0
pt8sn6-1-best,pt8sn6-1-best,1000K,1000,Sn,2.288987e-06,9.224477e-01,4.867182e+00,4,1.373392e-01,3.524046e-199,2.113523e-03,357,50.0-500.0
pt8sn6-1-best,pt8sn6-1-best,1100K,1100,Pt,3.087206e-06,8.984398e-01,5.470261e+00,1,1.852324e-01,2.203237e-178,3.305369e-03,357,50.0-500.0
pt8sn6-1-best,pt8sn6-1-best,1100K,1100,PtSn,3.061539e-06,9.192537e-01,6.196222e+00,1,1.836923e-01,4.560004e-196,2.889485e-03,357,50.0-500.0
pt8sn6-1-best,pt8sn6-1-best,1100K,1100,Sn,3.005301e-06,8.778865e-01,7.786850e+00,1,1.803181e-01,3.590598e-164,3.569338e-03,357,50.0-500.0
pt8sn7-1-best,pt8sn7-1-best,200K,200,Pt,-2.265646e-11,3.350966e-06,1.780466e-01,3,-1.359387e-06,9.725054e-01,3.941335e-05,357,50.0-500.0
pt8sn7-1-best,pt8sn7-1-best,200K,200,PtSn,5.586343e-10,1.809338e-03,1.913813e-01,3,3.351806e-05,4.229904e-01,4.178415e-05,357,50.0-500.0
pt8sn7-1-best,pt8sn7-1-best,200K,200,Sn,1.650342e-09,1.180586e-02,2.164249e-01,3,9.902054e-05,4.018423e-02,4.808210e-05,357,50.0-500.0
pt8sn7-1-best,pt8sn7-1-best,300K,300,Pt,2.250134e-08,3.660906e-01,2.233473e-01,4,1.350080e-03,5.040411e-37,9.428980e-05,357,50.0-500.0
pt8sn7-1-best,pt8sn7-1-best,300K,300,PtSn,1.879764e-08,2.781013e-01,3.328286e-01,4,1.127858e-03,6.037367e-27,9.644439e-05,357,50.0-500.0
pt8sn7-1-best,pt8sn7-1-best,300K,300,Sn,1.184177e-08,1.012596e-01,5.384431e-01,4,7.105063e-04,7.650433e-10,1.123448e-04,357,50.0-500.0
pt8sn7-1-best,pt8sn7-1-best,400K,400,Pt,1.704387e-08,1.832884e-01,2.739798e-01,4,1.022632e-03,2.409309e-17,1.145703e-04,357,50.0-500.0
pt8sn7-1-best,pt8sn7-1-best,400K,400,PtSn,1.315534e-08,1.547678e-01,3.291679e-01,4,7.893204e-04,1.157503e-14,9.790096e-05,357,50.0-500.0
pt8sn7-1-best,pt8sn7-1-best,400K,400,Sn,5.852386e-09,4.400128e-02,4.328154e-01,4,3.511432e-04,6.496424e-05,8.686925e-05,357,50.0-500.0
pt8sn7-1-best,pt8sn7-1-best,500K,500,Pt,9.140206e-08,7.755859e-01,2.156771e-01,4,5.484124e-03,3.109870e-117,1.565680e-04,357,50.0-500.0
pt8sn7-1-best,pt8sn7-1-best,500K,500,PtSn,6.822783e-08,7.173956e-01,3.259294e-01,4,4.093670e-03,1.916057e-99,1.363668e-04,357,50.0-500.0
pt8sn7-1-best,pt8sn7-1-best,500K,500,Sn,2.470491e-08,2.522913e-01,5.329918e-01,4,1.482295e-03,3.232540e-24,1.354364e-04,357,50.0-500.0
pt8sn7-1-best,pt8sn7-1-best,600K,600,Pt,1.638655e-07,8.500323e-01,9.762776e-01,4,9.831931e-03,2.518771e-148,2.191825e-04,357,50.0-500.0
pt8sn7-1-best,pt8sn7-1-best,600K,600,PtSn,1.257047e-07,7.544300e-01,1.178893e+00,4,7.542282e-03,2.776148e-110,2.283846e-04,357,50.0-500.0
pt8sn7-1-best,pt8sn7-1-best,600K,600,Sn,5.403580e-08,2.504412e-01,1.559422e+00,4,3.242148e-03,5.030559e-24,2.976930e-04,357,50.0-500.0
pt8sn7-1-best,pt8sn7-1-best,700K,700,Pt,1.626906e-07,7.176137e-01,2.401885e+00,4,9.761437e-03,1.670468e-99,3.249945e-04,357,50.0-500.0
pt8sn7-1-best,pt8sn7-1-best,700K,700,PtSn,6.700528e-08,2.046074e-01,2.942330e+00,3,4.020317e-03,2.087729e-19,4.207036e-04,357,50.0-500.0
pt8sn7-1-best,pt8sn7-1-best,700K,700,Sn,8.122977e-08,2.983852e-01,2.556117e+00,3,4.873786e-03,3.705434e-29,3.966551e-04,357,50.0-500.0
pt8sn7-1-best,pt8sn7-1-best,800K,800,Pt,3.425875e-07,9.351130e-01,2.294630e+00,4,2.055525e-02,6.295386e-213,2.873793e-04,357,50.0-500.0
pt8sn7-1-best,pt8sn7-1-best,800K,800,PtSn,5.394738e-07,9.620388e-01,1.651678e+00,4,3.236843e-02,2.935447e-254,3.412565e-04,357,50.0-500.0
pt8sn7-1-best,pt8sn7-1-best,800K,800,Sn,9.092407e-07,9.262480e-01,4.441678e-01,4,5.455444e-02,4.708836e-203,8.170322e-04,357,50.0-500.0
pt8sn7-1-best,pt8sn7-1-best,900K,900,Pt,5.775496e-07,9.339895e-01,3.009910e+00,5,3.465298e-02,1.326044e-211,4.889471e-04,357,50.0-500.0
pt8sn7-1-best,pt8sn7-1-best,900K,900,PtSn,6.626023e-07,9.423058e-01,3.294471e+00,5,3.975614e-02,5.499757e-222,5.221079e-04,357,50.0-500.0
pt8sn7-1-best,pt8sn7-1-best,900K,900,Sn,8.223381e-07,9.243773e-01,3.828896e+00,5,4.934029e-02,4.019881e-201,7.490120e-04,357,50.0-500.0
pt8sn7-1-best,pt8sn7-1-best,1000K,1000,Pt,1.001039e-06,8.247381e-01,8.726430e+00,5,6.006237e-02,2.646391e-136,1.469515e-03,357,50.0-500.0
pt8sn7-1-best,pt8sn7-1-best,1000K,1000,PtSn,8.624868e-07,8.217919e-01,9.382269e+00,5,5.174921e-02,5.110847e-135,1.279005e-03,357,50.0-500.0
pt8sn7-1-best,pt8sn7-1-best,1000K,1000,Sn,6.022744e-07,7.644574e-01,1.061399e+01,5,3.613647e-02,1.685778e-113,1.064608e-03,357,50.0-500.0
pt8sn7-1-best,pt8sn7-1-best,1100K,1100,Pt,2.755718e-06,9.698505e-01,9.300393e-01,3,1.653431e-01,5.073378e-272,1.547246e-03,357,50.0-500.0
pt8sn7-1-best,pt8sn7-1-best,1100K,1100,PtSn,3.323779e-06,9.725049e-01,-7.183611e-01,3,1.994268e-01,3.984534e-279,1.779717e-03,357,50.0-500.0
pt8sn7-1-best,pt8sn7-1-best,1100K,1100,Sn,4.390644e-06,9.635609e-01,-3.814203e+00,3,2.634387e-01,2.054607e-257,2.719001e-03,357,50.0-500.0
pt8sn8-1-best,pt8sn8-1-best,200K,200,Pt,-6.309891e-09,3.077124e-02,4.773962e-01,3,-3.785935e-04,8.727254e-04,1.127716e-04,357,50.0-500.0
pt8sn8-1-best,pt8sn8-1-best,200K,200,PtSn,-5.838383e-09,2.402276e-02,5.003596e-01,3,-3.503030e-04,3.324812e-03,1.185054e-04,357,50.0-500.0
pt8sn8-1-best,pt8sn8-1-best,200K,200,Sn,-5.063536e-09,1.541094e-02,5.380956e-01,3,-3.038122e-04,1.895429e-02,1.288855e-04,357,50.0-500.0
pt8sn8-1-best,pt8sn8-1-best,300K,300,Pt,4.328027e-09,9.141990e-03,5.773368e-01,4,2.596816e-04,7.117351e-02,1.434869e-04,357,50.0-500.0
pt8sn8-1-best,pt8sn8-1-best,300K,300,PtSn,3.341119e-09,4.753047e-03,6.224339e-01,4,2.004671e-04,1.937362e-01,1.539602e-04,357,50.0-500.0
pt8sn8-1-best,pt8sn8-1-best,300K,300,Sn,1.719337e-09,1.008092e-03,6.965427e-01,4,1.031602e-04,5.498704e-01,1.723570e-04,357,50.0-500.0
pt8sn8-1-best,pt8sn8-1-best,400K,400,Pt,3.152328e-08,1.395794e-01,8.241405e-01,5,1.891397e-03,2.871301e-13,2.492375e-04,357,50.0-500.0
pt8sn8-1-best,pt8sn8-1-best,400K,400,PtSn,3.051283e-08,1.212175e-01,8.889535e-01,5,1.830770e-03,1.303978e-11,2.616240e-04,357,50.0-500.0
pt8sn8-1-best,pt8sn8-1-best,400K,400,Sn,2.885225e-08,9.473562e-02,9.954625e-01,5,1.731135e-03,2.850788e-09,2.840193e-04,357,50.0-500.0
pt8sn8-1-best,pt8sn8-1-best,500K,500,Pt,7.183964e-07,9.565687e-01,4.840793e-01,5,4.310378e-02,7.017320e-244,4.874664e-04,357,50.0-500.0
pt8sn8-1-best,pt8sn8-1-best,500K,500,PtSn,8.801455e-07,9.628639e-01,4.953613e-01,5,5.280873e-02,5.935511e-256,5.504363e-04,357,50.0-500.0
pt8sn8-1-best,pt8sn8-1-best,500K,500,Sn,1.145951e-06,9.548180e-01,5.139010e-01,5,6.875704e-02,7.814100e-241,7.938262e-04,357,50.0-500.0
pt8sn8-1-best,pt8sn8-1-best,600K,600,Pt,1.321113e-06,9.362280e-01,2.756919e+00,5,7.926676e-02,2.901034e-214,1.097997e-03,357,50.0-500.0
pt8sn8-1-best,pt8sn8-1-best,600K,600,PtSn,1.356019e-06,9.281998e-01,3.325689e+00,5,8.136116e-02,4.026239e-205,1.201006e-03,357,50.0-500.0
pt8sn8-1-best,pt8sn8-1-best,600K,600,Sn,1.413383e-06,9.109013e-01,4.260358e+00,5,8.480296e-02,1.773681e-188,1.407657e-03,357,50.0-500.0
pt8sn8-1-best,pt8sn8-1-best,700K,700,Pt,1.541783e-06,9.594687e-01,-9.677034e-01,4,9.250700e-02,3.297768e-249,1.009114e-03,357,50.0-500.0
pt8sn8-1-best,pt8sn8-1-best,700K,700,PtSn,1.289121e-06,9.447391e-01,5.776214e-01,4,7.734724e-02,2.617740e-225,9.928498e-04,357,50.0-500.0
pt8sn8-1-best,pt8sn8-1-best,700K,700,Sn,8.739165e-07,8.507985e-01,3.117079e+00,4,5.243499e-02,1.014182e-148,1.165414e-03,357,50.0-500.0
pt8sn8-1-best,pt8sn8-1-best,800K,800,Pt,6.954392e-07,9.160370e-01,5.304397e+00,5,4.172635e-02,4.688771e-193,6.704768e-04,357,50.0-500.0
pt8sn8-1-best,pt8sn8-1-best,800K,800,PtSn,1.085049e-06,9.535336e-01,4.449889e+00,5,6.510293e-02,1.132446e-238,7.627602e-04,357,50.0-500.0
pt8sn8-1-best,pt8sn8-1-best,800K,800,Sn,1.725301e-06,9.641462e-01,3.045659e+00,5,1.035181e-01,1.159782e-258,1.059493e-03,357,50.0-500.0
pt8sn8-1-best,pt8sn8-1-best,900K,900,Pt,5.462632e-06,6.429115e-01,-8.349593e+00,1,3.277579e-01,2.185231e-81,1.296437e-02,357,50.0-500.0
pt8sn8-1-best,pt8sn8-1-best,900K,900,PtSn,5.585823e-06,6.507428e-01,-7.972923e+00,1,3.351494e-01,4.240971e-83,1.303144e-02,357,50.0-500.0
pt8sn8-1-best,pt8sn8-1-best,900K,900,Sn,5.788266e-06,6.539391e-01,-7.353938e+00,1,3.472960e-01,8.273228e-84,1.340890e-02,357,50.0-500.0
pt8sn8-1-best,pt8sn8-1-best,1000K,1000,Pt,2.081607e-06,8.472382e-01,7.186282e+00,2,1.248964e-01,6.682575e-147,2.814754e-03,357,50.0-500.0
pt8sn8-1-best,pt8sn8-1-best,1000K,1000,PtSn,2.147406e-06,7.673571e-01,4.241824e+00,1,1.288444e-01,1.866732e-114,3.765280e-03,357,50.0-500.0
pt8sn8-1-best,pt8sn8-1-best,1000K,1000,Sn,3.123779e-06,8.235219e-01,2.063613e+00,1,1.874267e-01,9.037129e-136,4.604953e-03,357,50.0-500.0
pt8sn9-1-best,pt8sn9-1-best,200K,200,Pt,1.402662e-08,4.431993e-02,3.449610e-01,3,8.415969e-04,6.103301e-05,2.074181e-04,357,50.0-500.0
pt8sn9-1-best,pt8sn9-1-best,200K,200,PtSn,1.494812e-08,4.585720e-02,3.665192e-01,3,8.968871e-04,4.516350e-05,2.171333e-04,357,50.0-500.0
pt8sn9-1-best,pt8sn9-1-best,200K,200,Sn,1.629419e-08,4.765455e-02,3.980099e-01,3,9.776512e-04,3.176044e-05,2.319609e-04,357,50.0-500.0
pt8sn9-1-best,pt8sn9-1-best,300K,300,Pt,1.777066e-08,8.823566e-02,4.540471e-01,5,1.066240e-03,1.049750e-08,1.819114e-04,357,50.0-500.0
pt8sn9-1-best,pt8sn9-1-best,300K,300,PtSn,1.760035e-08,7.931142e-02,4.974348e-01,5,1.056021e-03,6.219229e-08,1.909620e-04,357,50.0-500.0
pt8sn9-1-best,pt8sn9-1-best,300K,300,Sn,1.735159e-08,6.780274e-02,5.608122e-01,5,1.041096e-03,6.069743e-07,2.048834e-04,357,50.0-500.0
pt8sn9-1-best,pt8sn9-1-best,400K,400,Pt,7.724331e-07,9.568822e-01,7.409641e-01,5,4.634599e-02,1.939139e-244,5.221522e-04,357,50.0-500.0
pt8sn9-1-best,pt8sn9-1-best,400K,400,PtSn,8.453804e-07,9.503614e-01,1.152818e+00,5,5.072282e-02,1.397686e-233,6.152540e-04,357,50.0-500.0
pt8sn9-1-best,pt8sn9-1-best,400K,400,Sn,9.519369e-07,9.309074e-01,1.754419e+00,5,5.711621e-02,4.376128e-208,8.258626e-04,357,50.0-500.0
pt8sn9-1-best,pt8sn9-1-best,500K,500,Pt,1.265760e-06,9.662973e-01,-6.582640e-01,5,7.594559e-02,1.969453e-263,7.527749e-04,357,50.0-500.0
pt8sn9-1-best,pt8sn9-1-best,500K,500,PtSn,1.454600e-06,9.639597e-01,-9.586566e-01,5,8.727602e-02,2.913008e-258,8.956645e-04,357,50.0-500.0
pt8sn9-1-best,pt8sn9-1-best,500K,500,Sn,1.730445e-06,9.584570e-01,-1.397448e+00,5,1.038267e-01,2.624929e-247,1.147249e-03,357,50.0-500.0
pt8sn9-1-best,pt8sn9-1-best,600K,600,Pt,2.164624e-07,8.445847e-01,1.628183e+00,5,1.298774e-02,1.422672e-145,2.956956e-04,357,50.0-500.0
pt8sn9-1-best,pt8sn9-1-best,600K,600,PtSn,3.088100e-07,9.337030e-01,1.989399e+00,5,1.852860e-02,2.861073e-211,2.620421e-04,357,50.0-500.0
pt8sn9-1-best,pt8sn9-1-best,600K,600,Sn,4.437046e-07,9.404329e-01,2.517036e+00,5,2.662228e-02,1.597590e-219,3.556071e-04,357,50.0-500.0
pt8sn9-1-best,pt8sn9-1-best,700K,700,Pt,8.207825e-07,8.838097e-01,4.285458e+00,5,4.924695e-02,5.258444e-168,9.476998e-04,357,50.0-500.0
pt8sn9-1-best,pt8sn9-1-best,700K,700,PtSn,1.118463e-06,9.186433e-01,5.551691e+00,5,6.710779e-02,1.736462e-195,1.059942e-03,357,50.0-500.0
pt8sn9-1-best,pt8sn9-1-best,700K,700,Sn,1.553294e-06,9.311371e-01,7.401306e+00,5,9.319762e-02,2.422664e-208,1.345168e-03,357,50.0-500.0
pt8sn9-1-best,pt8sn9-1-best,800K,800,Pt,6.758191e-07,9.400501e-01,3.174737e+00,5,4.054915e-02,4.980777e-219,5.434833e-04,357,50.0-500.0
pt8sn9-1-best,pt8sn9-1-best,800K,800,PtSn,9.054742e-07,9.726395e-01,3.466373e+00,5,5.432845e-02,1.667795e-279,4.836148e-04,357,50.0-500.0
pt8sn9-1-best,pt8sn9-1-best,800K,800,Sn,1.240938e-06,9.722749e-01,3.892373e+00,5,7.445626e-02,1.748511e-278,6.673126e-04,357,50.0-500.0
pt8sn9-1-best,pt8sn9-1-best,900K,900,Pt,4.200346e-07,2.928419e-01,1.302103e+01,1,2.520207e-02,1.511823e-28,2.078566e-03,357,50.0-500.0
pt8sn9-1-best,pt8sn9-1-best,1000K,1000,Pt,7.400411e-06,9.099363e-01,-3.738109e+00,2,4.440247e-01,1.200906e-187,7.414168e-03,357,50.0-500.0
pt8sn9-1-best,pt8sn9-1-best,1000K,1000,PtSn,1.058951e-05,9.217031e-01,-2.442883e+00,1,6.353706e-01,1.921948e-198,9.828553e-03,357,50.0-500.0
pt8sn9-1-best,pt8sn9-1-best,1000K,1000,Sn,1.054619e-05,9.232308e-01,6.364339e+00,1,6.327715e-01,5.814065e-200,9.684365e-03,357,50.0-500.0
