结构,化学式,系列,Sn含量,温度,Cv_total_meV_K,Cv_total_eV_K,Cv_per_atom_meV_K,Cv_per_atom_eV_K,Cv_meV_per_K,Cv_eV_per_K,N_cluster,Pt原子数,Sn原子数,O原子数
Cv-1,Sn8Pt6O4,O4,8,200,42.50342620012816,0.04250342620012816,2.3613014555667178,0.0023613014555667177,2.3613014555667178,0.0023613014555667177,18,6,8,4.0
Cv-1,Sn8Pt6O4,O4,8,250,42.22943119995762,0.04222943119995762,2.3460795111077455,0.0023460795111077456,2.3460795111077455,0.0023460795111077456,18,6,8,4.0
Cv-1,Sn8Pt6O4,O4,8,300,36.256099799938966,0.03625609979993896,2.014227766667318,0.002014227766667318,2.014227766667318,0.002014227766667318,18,6,8,4.0
Cv-1,Sn8Pt6O4,O4,8,350,42.28264960009255,0.04228264960009255,2.3490360888990836,0.0023490360888990835,2.3490360888990836,0.0023490360888990835,18,6,8,4.0
Cv-1,Sn8Pt6O4,O4,8,400,41.83232700001099,0.041832327000010994,2.3240181666642457,0.0023240181666642455,2.3240181666642457,0.0023240181666642455,18,6,8,4.0
Cv-1,Sn8Pt6O4,O4,8,450,34.14151329998276,0.03414151329998276,1.8967507388879312,0.0018967507388879313,1.8967507388879312,0.0018967507388879313,18,6,8,4.0
Cv-1,Sn8Pt6O4,O4,8,500,41.75629620003747,0.04175629620003747,2.3197942333354153,0.0023197942333354152,2.3197942333354153,0.0023197942333354152,18,6,8,4.0
Cv-1,Sn8Pt6O4,O4,8,550,45.587119099945994,0.04558711909994599,2.5326177277747774,0.0025326177277747775,2.5326177277747774,0.0025326177277747775,18,6,8,4.0
Cv-1,Sn8Pt6O4,O4,8,600,42.58625269998447,0.04258625269998447,2.3659029277769146,0.0023659029277769148,2.3659029277769146,0.0023659029277769148,18,6,8,4.0
Cv-1,Sn8Pt6O4,O4,8,650,32.96570339996833,0.032965703399968335,1.8314279666628863,0.0018314279666628863,1.8314279666628863,0.0018314279666628863,18,6,8,4.0
Cv-1,Sn8Pt6O4,O4,8,700,40.966919799975585,0.04096691979997558,2.2759399888855114,0.0022759399888855115,2.2759399888855114,0.0022759399888855115,18,6,8,4.0
Cv-1,Sn8Pt6O4,O4,8,750,54.086089600023115,0.05408608960002312,3.0047827555608824,0.003004782755560882,3.0047827555608824,0.003004782755560882,18,6,8,4.0
Cv-1,Sn8Pt6O4,O4,8,800,47.783142699918244,0.04778314269991824,2.654619038885357,0.002654619038885357,2.654619038885357,0.002654619038885357,18,6,8,4.0
Cv-1,Sn8Pt6O4,O4,8,850,38.62032010001712,0.03862032010001712,2.1455733388847875,0.0021455733388847874,2.1455733388847875,0.0021455733388847874,18,6,8,4.0
Cv-1,Sn8Pt6O4,O4,8,900,40.91218990011839,0.04091218990011839,2.2728994388944557,0.0022728994388944556,2.2728994388944557,0.0022728994388944556,18,6,8,4.0
Cv-1,Sn8Pt6O4,O4,8,950,44.34454860005645,0.044344548600056446,2.4635860333364694,0.0024635860333364692,2.4635860333364694,0.0024635860333364692,18,6,8,4.0
Cv-1,Sn8Pt6O4,O4,8,1000,45.723027999920305,0.045723027999920306,2.540168222221837,0.002540168222221837,2.540168222221837,0.002540168222221837,18,6,8,4.0
Cv-1,Sn8Pt6O4,O4,8,1050,49.0930658999423,0.049093065899942306,2.727392549995784,0.002727392549995784,2.727392549995784,0.002727392549995784,18,6,8,4.0
Cv-1,Sn8Pt6O4,O4,8,1100,48.564943200035486,0.04856494320003549,2.698052399991866,0.002698052399991866,2.698052399991866,0.002698052399991866,18,6,8,4.0
Cv-2,Sn8Pt6O4,O4,8,200,42.40948499995284,0.04240948499995284,2.3560824999913166,0.0023560824999913164,2.3560824999913166,0.0023560824999913164,18,6,8,4.0
Cv-2,Sn8Pt6O4,O4,8,250,41.987060799874605,0.041987060799874604,2.33261448887788,0.00233261448887788,2.33261448887788,0.00233261448887788,18,6,8,4.0
Cv-2,Sn8Pt6O4,O4,8,300,42.25389259998337,0.04225389259998337,2.347438477781907,0.002347438477781907,2.347438477781907,0.002347438477781907,18,6,8,4.0
Cv-2,Sn8Pt6O4,O4,8,350,39.13638340003672,0.03913638340003672,2.174243522231336,0.002174243522231336,2.174243522231336,0.002174243522231336,18,6,8,4.0
Cv-2,Sn8Pt6O4,O4,8,400,37.444320600043284,0.03744432060004328,2.0802400333377595,0.0020802400333377593,2.0802400333377595,0.0020802400333377593,18,6,8,4.0
Cv-2,Sn8Pt6O4,O4,8,450,38.461483099963516,0.038461483099963514,2.1367490611100948,0.0021367490611100947,2.1367490611100948,0.0021367490611100947,18,6,8,4.0
Cv-2,Sn8Pt6O4,O4,8,500,45.76688819986885,0.04576688819986885,2.5426048999906925,0.0025426048999906926,2.5426048999906925,0.0025426048999906926,18,6,8,4.0
Cv-2,Sn8Pt6O4,O4,8,550,44.51929000002565,0.04451929000002565,2.4732938888882927,0.0024732938888882925,2.4732938888882927,0.0024732938888882925,18,6,8,4.0
Cv-2,Sn8Pt6O4,O4,8,600,38.460229200136375,0.03846022920013638,2.1366794000095983,0.002136679400009598,2.1366794000095983,0.002136679400009598,18,6,8,4.0
Cv-2,Sn8Pt6O4,O4,8,650,43.3139903000847,0.0433139903000847,2.406332794444097,0.002406332794444097,2.406332794444097,0.002406332794444097,18,6,8,4.0
Cv-2,Sn8Pt6O4,O4,8,700,40.83641269986401,0.040836412699864016,2.268689594429816,0.002268689594429816,2.268689594429816,0.002268689594429816,18,6,8,4.0
Cv-2,Sn8Pt6O4,O4,8,750,35.017829699936556,0.035017829699936553,1.945434983335872,0.001945434983335872,1.945434983335872,0.001945434983335872,18,6,8,4.0
Cv-2,Sn8Pt6O4,O4,8,800,44.203765600104816,0.04420376560010482,2.4557647555684525,0.0024557647555684525,2.4557647555684525,0.0024557647555684525,18,6,8,4.0
Cv-2,Sn8Pt6O4,O4,8,850,50.81319060001988,0.05081319060001988,2.8229550333344378,0.002822955033334438,2.8229550333344378,0.002822955033334438,18,6,8,4.0
Cv-2,Sn8Pt6O4,O4,8,900,42.94054419995519,0.04294054419995519,2.3855857888793257,0.0023855857888793255,2.3855857888793257,0.0023855857888793255,18,6,8,4.0
Cv-2,Sn8Pt6O4,O4,8,950,39.46900189999723,0.03946900189999723,2.1927223277725716,0.0021927223277725715,2.1927223277725716,0.0021927223277725715,18,6,8,4.0
Cv-2,Sn8Pt6O4,O4,8,1000,40.72607940004673,0.04072607940004673,2.262559966675326,0.002262559966675326,2.262559966675326,0.002262559966675326,18,6,8,4.0
Cv-2,Sn8Pt6O4,O4,8,1050,53.814201100030914,0.05381420110003091,2.989677838895659,0.002989677838895659,2.989677838895659,0.002989677838895659,18,6,8,4.0
Cv-2,Sn8Pt6O4,O4,8,1100,65.39111179998145,0.06539111179998144,3.6328395444434136,0.0036328395444434136,3.6328395444434136,0.0036328395444434136,18,6,8,4.0
Cv-3,Sn8Pt6O4,O4,8,200,42.99240339983953,0.042992403399839535,2.388466855536535,0.002388466855536535,2.388466855536535,0.002388466855536535,18,6,8,4.0
Cv-3,Sn8Pt6O4,O4,8,250,41.84700909987442,0.04184700909987442,2.324833838883933,0.002324833838883933,2.324833838883933,0.002324833838883933,18,6,8,4.0
Cv-3,Sn8Pt6O4,O4,8,300,42.24269860002096,0.04224269860002096,2.346816588897127,0.002346816588897127,2.346816588897127,0.002346816588897127,18,6,8,4.0
Cv-3,Sn8Pt6O4,O4,8,350,42.19833980008843,0.042198339800088434,2.344352211111982,0.0023443522111119817,2.344352211111982,0.0023443522111119817,18,6,8,4.0
Cv-3,Sn8Pt6O4,O4,8,400,35.99989580005059,0.035999895800050585,1.999994211109879,0.001999994211109879,1.999994211109879,0.001999994211109879,18,6,8,4.0
Cv-3,Sn8Pt6O4,O4,8,450,37.640191499958746,0.037640191499958744,2.0911217499997297,0.0020911217499997295,2.0911217499997297,0.0020911217499997295,18,6,8,4.0
Cv-3,Sn8Pt6O4,O4,8,500,41.44822059999569,0.04144822059999569,2.302678922224004,0.002302678922224004,2.302678922224004,0.002302678922224004,18,6,8,4.0
Cv-3,Sn8Pt6O4,O4,8,550,42.34589669998969,0.042345896699989685,2.352549816669125,0.002352549816669125,2.352549816669125,0.002352549816669125,18,6,8,4.0
Cv-3,Sn8Pt6O4,O4,8,600,43.891677999927204,0.0438916779999272,2.4384265555545426,0.0024384265555545425,2.4384265555545426,0.0024384265555545425,18,6,8,4.0
Cv-3,Sn8Pt6O4,O4,8,650,41.02502609996009,0.04102502609996009,2.279168116656365,0.002279168116656365,2.279168116656365,0.002279168116656365,18,6,8,4.0
Cv-3,Sn8Pt6O4,O4,8,700,41.094490200048305,0.04109449020004831,2.2830272333339963,0.002283027233333996,2.2830272333339963,0.002283027233333996,18,6,8,4.0
Cv-3,Sn8Pt6O4,O4,8,750,41.641209600056754,0.04164120960005675,2.313400533339518,0.002313400533339518,2.313400533339518,0.002313400533339518,18,6,8,4.0
Cv-3,Sn8Pt6O4,O4,8,800,46.7679811999551,0.0467679811999551,2.5982211777773045,0.0025982211777773045,2.5982211777773045,0.0025982211777773045,18,6,8,4.0
Cv-3,Sn8Pt6O4,O4,8,850,45.91244530005497,0.04591244530005497,2.550691405558609,0.002550691405558609,2.550691405558609,0.002550691405558609,18,6,8,4.0
Cv-3,Sn8Pt6O4,O4,8,900,40.03600650001317,0.040036006500013176,2.2242225833269913,0.0022242225833269914,2.2242225833269913,0.0022242225833269914,18,6,8,4.0
Cv-3,Sn8Pt6O4,O4,8,950,41.70961779993377,0.04170961779993377,2.3172009888821776,0.0023172009888821777,2.3172009888821776,0.0023172009888821777,18,6,8,4.0
Cv-3,Sn8Pt6O4,O4,8,1000,43.51950759999454,0.04351950759999454,2.417750422227982,0.0024177504222279824,2.417750422227982,0.0024177504222279824,18,6,8,4.0
Cv-3,Sn8Pt6O4,O4,8,1050,45.630868500011275,0.045630868500011273,2.535048250001637,0.002535048250001637,2.535048250001637,0.002535048250001637,18,6,8,4.0
Cv-3,Sn8Pt6O4,O4,8,1100,46.907848400005605,0.04690784840000561,2.6059915777659626,0.0026059915777659625,2.6059915777659626,0.0026059915777659625,18,6,8,4.0
Cv-4,Sn8Pt6O4,O4,8,200,43.035105199960526,0.043035105199960524,2.3908391777877114,0.0023908391777877113,2.3908391777877114,0.0023908391777877113,18,6,8,4.0
Cv-4,Sn8Pt6O4,O4,8,250,42.57567659995402,0.042575676599954024,2.365315366669165,0.0023653153666691653,2.365315366669165,0.0023653153666691653,18,6,8,4.0
Cv-4,Sn8Pt6O4,O4,8,300,42.52887089998694,0.04252887089998694,2.3627150499942218,0.002362715049994222,2.3627150499942218,0.002362715049994222,18,6,8,4.0
Cv-4,Sn8Pt6O4,O4,8,350,35.20356430002721,0.03520356430002721,1.955753572219692,0.001955753572219692,1.955753572219692,0.001955753572219692,18,6,8,4.0
Cv-4,Sn8Pt6O4,O4,8,400,33.74365960000432,0.03374365960000432,1.874647755557817,0.001874647755557817,1.874647755557817,0.001874647755557817,18,6,8,4.0
Cv-4,Sn8Pt6O4,O4,8,450,41.302330600010464,0.04130233060001046,2.2945739222268458,0.002294573922226846,2.2945739222268458,0.002294573922226846,18,6,8,4.0
Cv-4,Sn8Pt6O4,O4,8,500,48.10956529996474,0.04810956529996474,2.672753627775819,0.002672753627775819,2.672753627775819,0.002672753627775819,18,6,8,4.0
Cv-4,Sn8Pt6O4,O4,8,550,45.8814546999929,0.0458814546999929,2.548969705549098,0.0025489697055490978,2.548969705549098,0.0025489697055490978,18,6,8,4.0
Cv-4,Sn8Pt6O4,O4,8,600,40.21981750003761,0.040219817500037607,2.2344343055556237,0.0022344343055556238,2.2344343055556237,0.0022344343055556238,18,6,8,4.0
Cv-4,Sn8Pt6O4,O4,8,650,38.2181803000276,0.0382181803000276,2.1232322388914326,0.0021232322388914327,2.1232322388914326,0.0021232322388914327,18,6,8,4.0
Cv-4,Sn8Pt6O4,O4,8,700,40.066782100038836,0.040066782100038834,2.2259323388971097,0.00222593233889711,2.2259323388971097,0.00222593233889711,18,6,8,4.0
Cv-4,Sn8Pt6O4,O4,8,750,48.02032269988558,0.048020322699885584,2.667795705556273,0.002667795705556273,2.667795705556273,0.002667795705556273,18,6,8,4.0
Cv-4,Sn8Pt6O4,O4,8,800,39.189156999927945,0.03918915699992795,2.177175388878822,0.0021771753888788223,2.177175388878822,0.0021771753888788223,18,6,8,4.0
Cv-4,Sn8Pt6O4,O4,8,850,41.60194900003262,0.04160194900003262,2.3112193888846377,0.002311219388884638,2.3112193888846377,0.002311219388884638,18,6,8,4.0
Cv-4,Sn8Pt6O4,O4,8,900,48.920443300012266,0.048920443300012266,2.7178024055592687,0.0027178024055592685,2.7178024055592687,0.0027178024055592685,18,6,8,4.0
Cv-4,Sn8Pt6O4,O4,8,950,45.76106070002424,0.04576106070002424,2.542281149999326,0.002542281149999326,2.542281149999326,0.002542281149999326,18,6,8,4.0
Cv-4,Sn8Pt6O4,O4,8,1000,45.80691879993537,0.04580691879993537,2.5448288222196425,0.0025448288222196425,2.5448288222196425,0.0025448288222196425,18,6,8,4.0
Cv-4,Sn8Pt6O4,O4,8,1050,39.95667149996734,0.039956671499967344,2.2198150833355617,0.0022198150833355615,2.2198150833355617,0.0022198150833355615,18,6,8,4.0
Cv-4,Sn8Pt6O4,O4,8,1100,36.83688660006737,0.03683688660006737,2.0464936999997008,0.002046493699999701,2.0464936999997008,0.002046493699999701,18,6,8,4.0
Cv-5,Sn8Pt6O4,O4,8,200,42.327600400021765,0.042327600400021766,2.351533355558786,0.002351533355558786,2.351533355558786,0.002351533355558786,18,6,8,4.0
Cv-5,Sn8Pt6O4,O4,8,250,40.19069439993472,0.04019069439993472,2.2328163555539504,0.0022328163555539503,2.2328163555539504,0.0022328163555539503,18,6,8,4.0
Cv-5,Sn8Pt6O4,O4,8,300,39.92294999989099,0.03992294999989099,2.2179416666676843,0.0022179416666676843,2.2179416666676843,0.0022179416666676843,18,6,8,4.0
Cv-5,Sn8Pt6O4,O4,8,350,40.85498130007181,0.04085498130007181,2.269721183338334,0.002269721183338334,2.269721183338334,0.002269721183338334,18,6,8,4.0
Cv-5,Sn8Pt6O4,O4,8,400,40.628257900098106,0.04062825790009811,2.2571254388913076,0.0022571254388913074,2.2571254388913076,0.0022571254388913074,18,6,8,4.0
Cv-5,Sn8Pt6O4,O4,8,450,42.12732200001483,0.04212732200001483,2.3404067777755704,0.0023404067777755702,2.3404067777755704,0.0023404067777755702,18,6,8,4.0
Cv-5,Sn8Pt6O4,O4,8,500,34.15192259999458,0.034151922599994576,1.8973290333360637,0.0018973290333360636,1.8973290333360637,0.0018973290333360636,18,6,8,4.0
Cv-5,Sn8Pt6O4,O4,8,550,41.183093699946774,0.04118309369994677,2.2879496499990637,0.0022879496499990637,2.2879496499990637,0.0022879496499990637,18,6,8,4.0
Cv-5,Sn8Pt6O4,O4,8,600,49.17316849998315,0.04917316849998315,2.7318426944384555,0.0027318426944384555,2.7318426944384555,0.0027318426944384555,18,6,8,4.0
Cv-5,Sn8Pt6O4,O4,8,650,36.83921110001393,0.036839211100013924,2.0466228388886516,0.002046622838888652,2.0466228388886516,0.002046622838888652,18,6,8,4.0
Cv-5,Sn8Pt6O4,O4,8,700,42.49918970002909,0.04249918970002909,2.36106609444505,0.00236106609444505,2.36106609444505,0.00236106609444505,18,6,8,4.0
Cv-5,Sn8Pt6O4,O4,8,750,50.344909800041926,0.05034490980004193,2.7969394333376845,0.0027969394333376843,2.7969394333376845,0.0027969394333376843,18,6,8,4.0
Cv-5,Sn8Pt6O4,O4,8,800,40.34528219999629,0.040345282199996294,2.241404566666461,0.002241404566666461,2.241404566666461,0.002241404566666461,18,6,8,4.0
Cv-5,Sn8Pt6O4,O4,8,850,39.07240599990473,0.03907240599990473,2.1706892222209717,0.0021706892222209716,2.1706892222209717,0.0021706892222209716,18,6,8,4.0
Cv-5,Sn8Pt6O4,O4,8,900,49.194256299961125,0.049194256299961124,2.7330142388927925,0.0027330142388927925,2.7330142388927925,0.0027330142388927925,18,6,8,4.0
Cv-5,Sn8Pt6O4,O4,8,950,43.881966400076635,0.04388196640007663,2.4378870222244586,0.0024378870222244585,2.4378870222244586,0.0024378870222244585,18,6,8,4.0
Cv-5,Sn8Pt6O4,O4,8,1000,41.44350829999893,0.04144350829999893,2.3024171277756977,0.0023024171277756978,2.3024171277756977,0.0023024171277756978,18,6,8,4.0
Cv-5,Sn8Pt6O4,O4,8,1050,47.868694499920814,0.047868694499920816,2.6593719166612573,0.002659371916661257,2.6593719166612573,0.002659371916661257,18,6,8,4.0
Cv-5,Sn8Pt6O4,O4,8,1100,47.681886999926064,0.047681886999926065,2.6489937222140725,0.0026489937222140725,2.6489937222140725,0.0026489937222140725,18,6,8,4.0
O2Pt4Sn6,O2Pt4Sn6,O2,6,200,41.7503983831557,0.041750398383155696,3.479199865269038,0.003479199865269038,3.479199865269038,0.003479199865269038,12,4,6,2.0
O2Pt4Sn6,O2Pt4Sn6,O2,6,300,40.80776683331351,0.04080776683331351,3.40064723611249,0.0034006472361124904,3.40064723611249,0.0034006472361124904,12,4,6,2.0
O2Pt4Sn6,O2Pt4Sn6,O2,6,400,40.48954037498334,0.04048954037498334,3.3741283645849767,0.0033741283645849765,3.3741283645849767,0.0033741283645849765,12,4,6,2.0
O2Pt4Sn6,O2Pt4Sn6,O2,6,500,41.51717450833531,0.04151717450833531,3.4597645423582435,0.0034597645423582435,3.4597645423582435,0.0034597645423582435,12,4,6,2.0
O2Pt4Sn6,O2Pt4Sn6,O2,6,600,41.881607775067096,0.041881607775067095,3.4901339812540755,0.0034901339812540757,3.4901339812540755,0.0034901339812540757,12,4,6,2.0
O2Pt4Sn6,O2Pt4Sn6,O2,6,700,40.15822919995117,0.04015822919995117,3.3465191000004775,0.0033465191000004776,3.3465191000004775,0.0033465191000004776,12,4,6,2.0
O2Pt4Sn6,O2Pt4Sn6,O2,6,800,40.93223822994332,0.040932238229943324,3.4110198524967927,0.0034110198524967927,3.4110198524967927,0.0034110198524967927,12,4,6,2.0
O2Pt4Sn6,O2Pt4Sn6,O2,6,900,42.451670075024595,0.042451670075024595,3.537639172918716,0.003537639172918716,3.537639172918716,0.003537639172918716,12,4,6,2.0
O2Pt4Sn6,O2Pt4Sn6,O2,6,1000,42.51033637003275,0.04251033637003275,3.5425280308345464,0.0035425280308345464,3.5425280308345464,0.0035425280308345464,12,4,6,2.0
O2Pt4Sn6,O2Pt4Sn6,O2,6,1100,43.50816264995956,0.04350816264995956,3.625680220829963,0.0036256802208299633,3.625680220829963,0.0036256802208299633,12,4,6,2.0
O2Pt7Sn7,O2Pt7Sn7,O2,7,200,42.32064862488187,0.04232064862488187,2.645040539055117,0.002645040539055117,2.645040539055117,0.002645040539055117,16,7,7,2.0
O2Pt7Sn7,O2Pt7Sn7,O2,7,300,42.35835012914322,0.04235835012914322,2.647396883071451,0.0026473968830714512,2.647396883071451,0.0026473968830714512,16,7,7,2.0
O2Pt7Sn7,O2Pt7Sn7,O2,7,400,42.22547372504778,0.04222547372504778,2.639092107815486,0.002639092107815486,2.639092107815486,0.002639092107815486,16,7,7,2.0
O2Pt7Sn7,O2Pt7Sn7,O2,7,500,42.66366215830203,0.04266366215830203,2.666478884893877,0.002666478884893877,2.666478884893877,0.002666478884893877,16,7,7,2.0
O2Pt7Sn7,O2Pt7Sn7,O2,7,600,43.268202390027,0.043268202390027,2.7042626493766875,0.0027042626493766877,2.7042626493766875,0.0027042626493766877,16,7,7,2.0
O2Pt7Sn7,O2Pt7Sn7,O2,7,700,43.614826225020806,0.0436148262250208,2.7259266390638004,0.0027259266390638,2.7259266390638004,0.0027259266390638,16,7,7,2.0
O2Pt7Sn7,O2Pt7Sn7,O2,7,800,43.93225656836876,0.04393225656836876,2.7457660355230473,0.0027457660355230474,2.7457660355230473,0.0027457660355230474,16,7,7,2.0
O2Pt7Sn7,O2Pt7Sn7,O2,7,900,44.26720444171224,0.04426720444171224,2.766700277607015,0.002766700277607015,2.766700277607015,0.002766700277607015,16,7,7,2.0
O2Pt7Sn7,O2Pt7Sn7,O2,7,1000,42.98400739156932,0.04298400739156932,2.6865004619730826,0.0026865004619730827,2.6865004619730826,0.0026865004619730827,16,7,7,2.0
O2Pt7Sn7,O2Pt7Sn7,O2,7,1100,41.33244286655099,0.041332442866550995,2.583277679159437,0.002583277679159437,2.583277679159437,0.002583277679159437,16,7,7,2.0
O2Sn8Pt7,O2Sn8Pt7,O2,8,200,46.312640583200846,0.046312640583200844,2.7242729754834727,0.002724272975483473,2.7242729754834727,0.002724272975483473,17,7,8,2.0
O2Sn8Pt7,O2Sn8Pt7,O2,8,300,43.83267185156001,0.04383267185156001,2.578392461864496,0.002578392461864496,2.578392461864496,0.002578392461864496,17,7,8,2.0
O2Sn8Pt7,O2Sn8Pt7,O2,8,400,41.521934050033444,0.041521934050033446,2.4424667088260326,0.0024424667088260325,2.4424667088260326,0.0024424667088260325,17,7,8,2.0
O2Sn8Pt7,O2Sn8Pt7,O2,8,500,42.492612440037185,0.042492612440037186,2.499565437642559,0.002499565437642559,2.499565437642559,0.002499565437642559,17,7,8,2.0
O2Sn8Pt7,O2Sn8Pt7,O2,8,600,45.103516008312,0.045103516008312,2.653148000490546,0.002653148000490546,2.653148000490546,0.002653148000490546,17,7,8,2.0
O2Sn8Pt7,O2Sn8Pt7,O2,8,700,44.944850966639926,0.04494485096663993,2.643814762745933,0.002643814762745933,2.643814762745933,0.002643814762745933,17,7,8,2.0
O2Sn8Pt7,O2Sn8Pt7,O2,8,800,44.61608846664604,0.04461608846664604,2.6244757921585915,0.0026244757921585916,2.6244757921585915,0.0026244757921585916,17,7,8,2.0
O2Sn8Pt7,O2Sn8Pt7,O2,8,900,45.23211845837068,0.045232118458370676,2.660712850492928,0.002660712850492928,2.660712850492928,0.002660712850492928,17,7,8,2.0
O2Sn8Pt7,O2Sn8Pt7,O2,8,1000,45.16335740001523,0.04516335740001523,2.6566680823498245,0.0026566680823498245,2.6566680823498245,0.0026566680823498245,17,7,8,2.0
O2Sn8Pt7,O2Sn8Pt7,O2,8,1100,46.11792499999865,0.04611792499999865,2.7128191176416294,0.0027128191176416295,2.7128191176416294,0.0027128191176416295,17,7,8,2.0
O3Pt5Sn7,O3Pt5Sn7,O3,7,200,41.721688933321275,0.041721688933321274,2.7814459288856597,0.00278144592888566,2.7814459288856597,0.00278144592888566,15,5,7,3.0
O3Pt5Sn7,O3Pt5Sn7,O3,7,300,40.945257281709935,0.04094525728170993,2.729683818779449,0.0027296838187794493,2.729683818779449,0.0027296838187794493,15,5,7,3.0
O3Pt5Sn7,O3Pt5Sn7,O3,7,400,40.488979295041645,0.040488979295041645,2.699265286337322,0.002699265286337322,2.699265286337322,0.002699265286337322,15,5,7,3.0
O3Pt5Sn7,O3Pt5Sn7,O3,7,500,41.54609742996399,0.04154609742996399,2.7697398286636594,0.0027697398286636596,2.7697398286636594,0.0027697398286636596,15,5,7,3.0
O3Pt5Sn7,O3Pt5Sn7,O3,7,600,42.38323677163862,0.04238323677163862,2.8255491181107573,0.0028255491181107574,2.8255491181107573,0.0028255491181107574,15,5,7,3.0
O3Pt5Sn7,O3Pt5Sn7,O3,7,700,42.66500411336892,0.042665004113368925,2.8443336075588377,0.0028443336075588375,2.8443336075588377,0.0028443336075588375,15,5,7,3.0
O3Pt5Sn7,O3Pt5Sn7,O3,7,800,42.66484756670253,0.042664847566702524,2.8443231711116823,0.0028443231711116823,2.8443231711116823,0.0028443231711116823,15,5,7,3.0
O3Pt5Sn7,O3Pt5Sn7,O3,7,900,43.66375207915553,0.04366375207915553,2.9109168052764294,0.0029109168052764292,2.9109168052764294,0.0029109168052764292,15,5,7,3.0
O3Pt5Sn7,O3Pt5Sn7,O3,7,1000,44.8444056083099,0.0448444056083099,2.989627040551568,0.002989627040551568,2.989627040551568,0.002989627040551568,15,5,7,3.0
O3Sn4Pt2,O3Sn4Pt2,O3,4,200,40.221306566672865,0.04022130656667287,4.469034062967694,0.004469034062967694,4.469034062967694,0.004469034062967694,9,2,4,3.0
O3Sn4Pt2,O3Sn4Pt2,O3,4,300,40.26743182163045,0.04026743182163045,4.474159091296315,0.004474159091296314,4.474159091296315,0.004474159091296314,9,2,4,3.0
O3Sn4Pt2,O3Sn4Pt2,O3,4,400,40.36752218329639,0.04036752218329639,4.485280242588487,0.004485280242588487,4.485280242588487,0.004485280242588487,9,2,4,3.0
O3Sn4Pt2,O3Sn4Pt2,O3,4,500,40.457776986659155,0.04045777698665916,4.495308554069196,0.004495308554069197,4.495308554069196,0.004495308554069197,9,2,4,3.0
O3Sn4Pt2,O3Sn4Pt2,O3,4,600,40.57729604173801,0.04057729604173801,4.50858844907998,0.00450858844907998,4.50858844907998,0.00450858844907998,9,2,4,3.0
O3Sn4Pt2,O3Sn4Pt2,O3,4,700,40.9902723133564,0.0409902723133564,4.554474701490108,0.0045544747014901075,4.554474701490108,0.0045544747014901075,9,2,4,3.0
O3Sn4Pt2,O3Sn4Pt2,O3,4,800,41.45298207498854,0.04145298207498854,4.60588689722499,0.0046058868972249905,4.60588689722499,0.0046058868972249905,9,2,4,3.0
O3Sn4Pt2,O3Sn4Pt2,O3,4,900,41.388186830008635,0.04138818683000864,4.598687425550452,0.004598687425550451,4.598687425550452,0.004598687425550451,9,2,4,3.0
O3Sn4Pt2,O3Sn4Pt2,O3,4,1000,41.26516229160188,0.04126516229160188,4.585018032394146,0.004585018032394146,4.585018032394146,0.004585018032394146,9,2,4,3.0
O3Sn4Pt2,O3Sn4Pt2,O3,4,1100,41.33989584661322,0.04133989584661322,4.59332176073076,0.00459332176073076,4.59332176073076,0.00459332176073076,9,2,4,3.0
O3Sn5Pt3,O3Sn5Pt3,O3,5,200,39.51305967668304,0.03951305967668304,3.5920963342414325,0.0035920963342414326,3.5920963342414325,0.0035920963342414326,11,3,5,3.0
O3Sn5Pt3,O3Sn5Pt3,O3,5,300,40.13563719665399,0.04013563719665399,3.6486942906049085,0.0036486942906049083,3.6486942906049085,0.0036486942906049083,11,3,5,3.0
O3Sn5Pt3,O3Sn5Pt3,O3,5,400,41.089096716677886,0.04108909671667789,3.7353724287822843,0.0037353724287822842,3.7353724287822843,0.0037353724287822842,11,3,5,3.0
O3Sn5Pt3,O3Sn5Pt3,O3,5,500,40.99350678334304,0.040993506783343035,3.7266824348489536,0.0037266824348489535,3.7266824348489536,0.0037266824348489535,11,3,5,3.0
O3Sn5Pt3,O3Sn5Pt3,O3,5,600,40.682126466635964,0.040682126466635965,3.698375133335503,0.003698375133335503,3.698375133335503,0.003698375133335503,11,3,5,3.0
O3Sn5Pt3,O3Sn5Pt3,O3,5,700,39.49905049004883,0.03949905049004883,3.59082277181642,0.00359082277181642,3.59082277181642,0.00359082277181642,11,3,5,3.0
O3Sn5Pt3,O3Sn5Pt3,O3,5,800,39.62371861831343,0.03962371861831343,3.6021562380255996,0.0036021562380255997,3.6021562380255996,0.0036021562380255997,11,3,5,3.0
O3Sn5Pt3,O3Sn5Pt3,O3,5,900,42.0505831099581,0.0420505831099581,3.8227802827304913,0.0038227802827304914,3.8227802827304913,0.0038227802827304914,11,3,5,3.0
O3Sn5Pt3,O3Sn5Pt3,O3,5,1000,39.96130372339394,0.03996130372339394,3.632845793031265,0.0036328457930312652,3.632845793031265,0.0036328457930312652,11,3,5,3.0
O3Sn5Pt3,O3Sn5Pt3,O3,5,1100,36.86799556671758,0.03686799556671758,3.351635960589192,0.003351635960589192,3.351635960589192,0.003351635960589192,11,3,5,3.0
O4Pt3Sn6,O4Pt3Sn6,O4,6,200,41.20226674989681,0.041202266749896806,3.1694051346130436,0.0031694051346130435,3.1694051346130436,0.0031694051346130435,13,3,6,4.0
O4Pt3Sn6,O4Pt3Sn6,O4,6,300,40.38214627835259,0.04038214627835259,3.106318944492159,0.0031063189444921592,3.106318944492159,0.0031063189444921592,13,3,6,4.0
O4Pt3Sn6,O4Pt3Sn6,O4,6,400,40.38973727088887,0.040389737270888876,3.106902866989003,0.003106902866989003,3.106902866989003,0.003106902866989003,13,3,6,4.0
O4Pt3Sn6,O4Pt3Sn6,O4,6,500,41.32027162995655,0.04132027162995655,3.178482433072532,0.0031784824330725317,3.178482433072532,0.0031784824330725317,13,3,6,4.0
O4Pt3Sn6,O4Pt3Sn6,O4,6,600,40.13894895251724,0.04013894895251724,3.0876114578859415,0.0030876114578859415,3.0876114578859415,0.0030876114578859415,13,3,6,4.0
O4Pt3Sn6,O4Pt3Sn6,O4,6,700,40.610112816648325,0.04061011281664832,3.12385483205162,0.00312385483205162,3.12385483205162,0.00312385483205162,13,3,6,4.0
O4Pt3Sn6,O4Pt3Sn6,O4,6,800,41.361374909974984,0.041361374909974984,3.1816442238459786,0.0031816442238459786,3.1816442238459786,0.0031816442238459786,13,3,6,4.0
O4Pt3Sn6,O4Pt3Sn6,O4,6,900,41.702753970821504,0.0417027539708215,3.2079041516044526,0.0032079041516044527,3.2079041516044526,0.0032079041516044527,13,3,6,4.0
O4Pt3Sn6,O4Pt3Sn6,O4,6,1000,41.70731550999335,0.04170731550999335,3.2082550392306075,0.0032082550392306076,3.2082550392306075,0.0032082550392306076,13,3,6,4.0
O4Pt3Sn6,O4Pt3Sn6,O4,6,1100,40.36645064508775,0.04036645064508775,3.1051115880745783,0.0031051115880745784,3.1051115880745783,0.0031051115880745784,13,3,6,4.0
Pt2Sn2O1,Pt2Sn2O1,O1,2,200,39.32112521666568,0.03932112521666568,7.864225043322222,0.007864225043322222,7.864225043322222,0.007864225043322222,5,2,2,1.0
Pt2Sn2O1,Pt2Sn2O1,O1,2,300,39.33338390001154,0.03933338390001154,7.866676779995033,0.007866676779995033,7.866676779995033,0.007866676779995033,5,2,2,1.0
Pt2Sn2O1,Pt2Sn2O1,O1,2,400,39.39515815829508,0.039395158158295085,7.879031631664476,0.007879031631664476,7.879031631664476,0.007879031631664476,5,2,2,1.0
Pt2Sn2O1,Pt2Sn2O1,O1,2,500,39.47373678332951,0.03947373678332951,7.89474735666772,0.00789474735666772,7.89474735666772,0.00789474735666772,5,2,2,1.0
Pt2Sn2O1,Pt2Sn2O1,O1,2,600,39.50924253331323,0.03950924253331323,7.9018485066717385,0.007901848506671739,7.9018485066717385,0.007901848506671739,5,2,2,1.0
Pt2Sn2O1,Pt2Sn2O1,O1,2,700,39.56720502996177,0.03956720502996177,7.913441006003268,0.007913441006003268,7.913441006003268,0.007913441006003268,5,2,2,1.0
Pt2Sn2O1,Pt2Sn2O1,O1,2,800,39.68934059339517,0.03968934059339517,7.93786811866994,0.00793786811866994,7.93786811866994,0.00793786811866994,5,2,2,1.0
Pt2Sn2O1,Pt2Sn2O1,O1,2,900,39.80613697000081,0.03980613697000081,7.9612273939983424,0.007961227393998342,7.9612273939983424,0.007961227393998342,5,2,2,1.0
Pt2Sn2O1,Pt2Sn2O1,O1,2,1000,39.74188904001494,0.03974188904001494,7.948377807997531,0.007948377807997531,7.948377807997531,0.007948377807997531,5,2,2,1.0
Pt2Sn2O1,Pt2Sn2O1,O1,2,1100,39.63146050009527,0.03963146050009527,7.926292100000865,0.007926292100000865,7.926292100000865,0.007926292100000865,5,2,2,1.0
Pt3Sn2O1,Pt3Sn2O1,O1,2,200,39.54661578332889,0.03954661578332889,6.591102630554815,0.006591102630554815,6.591102630554815,0.006591102630554815,6,3,2,1.0
Pt3Sn2O1,Pt3Sn2O1,O1,2,300,39.57889753495692,0.03957889753495692,6.596482922504946,0.006596482922504946,6.596482922504946,0.006596482922504946,6,3,2,1.0
Pt3Sn2O1,Pt3Sn2O1,O1,2,400,39.64010170828259,0.039640101708282596,6.606683618056195,0.006606683618056195,6.606683618056195,0.006606683618056195,6,3,2,1.0
Pt3Sn2O1,Pt3Sn2O1,O1,2,500,39.7045161499409,0.0397045161499409,6.617419358326515,0.006617419358326515,6.617419358326515,0.006617419358326515,6,3,2,1.0
Pt3Sn2O1,Pt3Sn2O1,O1,2,600,39.75692720501684,0.039756927205016834,6.626154534169473,0.006626154534169473,6.626154534169473,0.006626154534169473,6,3,2,1.0
Pt3Sn2O1,Pt3Sn2O1,O1,2,700,39.880300865042955,0.039880300865042954,6.646716810837461,0.006646716810837461,6.646716810837461,0.006646716810837461,6,3,2,1.0
Pt3Sn2O1,Pt3Sn2O1,O1,2,800,39.896348336624214,0.03989634833662421,6.649391389437369,0.006649391389437369,6.649391389437369,0.006649391389437369,6,3,2,1.0
Pt3Sn2O1,Pt3Sn2O1,O1,2,900,40.404517154966015,0.04040451715496601,6.734086192500399,0.0067340861925003995,6.734086192500399,0.0067340861925003995,6,3,2,1.0
Pt3Sn2O1,Pt3Sn2O1,O1,2,1000,40.86581363335426,0.04086581363335426,6.810968938898441,0.0068109689388984405,6.810968938898441,0.0068109689388984405,6,3,2,1.0
Pt3Sn2O1,Pt3Sn2O1,O1,2,1100,40.72853414007113,0.04072853414007113,6.788089023339126,0.0067880890233391255,6.788089023339126,0.0067880890233391255,6,3,2,1.0
Pt3Sn3O2,Pt3Sn3O2,O2,3,200,39.3524139568035,0.0393524139568035,4.919051744600438,0.0049190517446004375,4.919051744600438,0.0049190517446004375,8,3,3,2.0
Pt3Sn3O2,Pt3Sn3O2,O2,3,300,39.86952694496722,0.03986952694496722,4.9836908681209025,0.004983690868120902,4.9836908681209025,0.004983690868120902,8,3,3,2.0
Pt3Sn3O2,Pt3Sn3O2,O2,3,400,40.48153558156628,0.04048153558156628,5.060191947695785,0.005060191947695785,5.060191947695785,0.005060191947695785,8,3,3,2.0
Pt3Sn3O2,Pt3Sn3O2,O2,3,500,40.501602250078584,0.04050160225007858,5.062700281259823,0.0050627002812598226,5.062700281259823,0.0050627002812598226,8,3,3,2.0
Pt3Sn3O2,Pt3Sn3O2,O2,3,600,40.459844801735024,0.04045984480173502,5.057480600216878,0.0050574806002168776,5.057480600216878,0.0050574806002168776,8,3,3,2.0
Pt3Sn3O2,Pt3Sn3O2,O2,3,700,40.6953752249683,0.0406953752249683,5.086921903121038,0.0050869219031210375,5.086921903121038,0.0050869219031210375,8,3,3,2.0
Pt3Sn3O2,Pt3Sn3O2,O2,3,800,40.671603068331024,0.04067160306833102,5.083950383541378,0.005083950383541378,5.083950383541378,0.005083950383541378,8,3,3,2.0
Pt3Sn3O2,Pt3Sn3O2,O2,3,900,40.154062130022794,0.040154062130022795,5.019257766252849,0.005019257766252849,5.019257766252849,0.005019257766252849,8,3,3,2.0
Pt3Sn3O2,Pt3Sn3O2,O2,3,1000,40.68768083998293,0.040687680839982934,5.085960104997866,0.005085960104997867,5.085960104997866,0.005085960104997867,8,3,3,2.0
Pt3Sn3O2,Pt3Sn3O2,O2,3,1100,41.512609439960215,0.04151260943996021,5.189076179995027,0.005189076179995027,5.189076179995027,0.005189076179995027,8,3,3,2.0
Pt5Sn3O1,Pt5Sn3O1,O1,3,200,41.43599584000185,0.04143599584000185,4.603999537775962,0.004603999537775963,4.603999537775962,0.004603999537775963,9,5,3,1.0
Pt5Sn3O1,Pt5Sn3O1,O1,3,300,40.7933576083451,0.0407933576083451,4.53259528981107,0.00453259528981107,4.53259528981107,0.00453259528981107,9,5,3,1.0
Pt5Sn3O1,Pt5Sn3O1,O1,3,400,40.13386612998148,0.040133866129981474,4.459318458884809,0.004459318458884809,4.459318458884809,0.004459318458884809,9,5,3,1.0
Pt5Sn3O1,Pt5Sn3O1,O1,3,500,41.02959729163558,0.041029597291635585,4.558844143521128,0.004558844143521128,4.558844143521128,0.004558844143521128,9,5,3,1.0
Pt5Sn3O1,Pt5Sn3O1,O1,3,600,41.04475428335718,0.04104475428335718,4.560528253705343,0.004560528253705343,4.560528253705343,0.004560528253705343,9,5,3,1.0
Pt5Sn3O1,Pt5Sn3O1,O1,3,700,40.49624758008577,0.04049624758008577,4.499583064452963,0.0044995830644529635,4.499583064452963,0.0044995830644529635,9,5,3,1.0
Pt5Sn3O1,Pt5Sn3O1,O1,3,800,40.547995016677305,0.0405479950166773,4.505332779635864,0.0045053327796358645,4.505332779635864,0.0045053327796358645,9,5,3,1.0
Pt5Sn3O1,Pt5Sn3O1,O1,3,900,40.81555846998526,0.04081555846998526,4.535062052218564,0.004535062052218564,4.535062052218564,0.004535062052218564,9,5,3,1.0
Pt5Sn3O1,Pt5Sn3O1,O1,3,1000,40.65009822494176,0.040650098224941755,4.516677580550095,0.004516677580550094,4.516677580550095,0.004516677580550094,9,5,3,1.0
Pt5Sn3O1,Pt5Sn3O1,O1,3,1100,39.91990124981385,0.039919901249813844,4.435544583320734,0.004435544583320734,4.435544583320734,0.004435544583320734,9,5,3,1.0
Pt5Sn4O1,Pt5Sn4O1,O1,4,200,40.733178195077926,0.04073317819507793,4.073317819511431,0.004073317819511431,4.073317819511431,0.004073317819511431,10,5,4,1.0
Pt5Sn4O1,Pt5Sn4O1,O1,4,300,40.74294278005254,0.04074294278005254,4.0742942780070734,0.004074294278007073,4.0742942780070734,0.004074294278007073,10,5,4,1.0
Pt5Sn4O1,Pt5Sn4O1,O1,4,400,40.85914888244588,0.04085914888244588,4.085914888255502,0.004085914888255502,4.085914888255502,0.004085914888255502,10,5,4,1.0
Pt5Sn4O1,Pt5Sn4O1,O1,4,500,41.009687804980786,0.041009687804980786,4.10096878049444,0.00410096878049444,4.10096878049444,0.00410096878049444,10,5,4,1.0
Pt5Sn4O1,Pt5Sn4O1,O1,4,600,41.15223355503986,0.04115223355503986,4.115223355493072,0.004115223355493072,4.115223355493072,0.004115223355493072,10,5,4,1.0
Pt5Sn4O1,Pt5Sn4O1,O1,4,700,42.06396565830801,0.04206396565830801,4.206396565841715,0.004206396565841715,4.206396565841715,0.004206396565841715,10,5,4,1.0
Pt5Sn4O1,Pt5Sn4O1,O1,4,800,42.350913005066104,0.042350913005066104,4.23509130050661,0.004235091300506611,4.23509130050661,0.004235091300506611,10,5,4,1.0
Pt5Sn4O1,Pt5Sn4O1,O1,4,900,41.40349046669144,0.04140349046669144,4.140349046665507,0.004140349046665506,4.140349046665507,0.004140349046665506,10,5,4,1.0
Pt5Sn4O1,Pt5Sn4O1,O1,4,1000,42.55904191995796,0.04255904191995796,4.255904191995796,0.0042559041919957965,4.255904191995796,0.0042559041919957965,10,5,4,1.0
Pt5Sn4O1,Pt5Sn4O1,O1,4,1100,44.13567950003198,0.044135679500031985,4.413567949995922,0.004413567949995922,4.413567949995922,0.004413567949995922,10,5,4,1.0
Pt7Sn5O1,Pt7Sn5O1,O1,5,200,41.72045094004716,0.04172045094004716,3.20926545691691,0.00320926545691691,3.20926545691691,0.00320926545691691,13,7,5,1.0
Pt7Sn5O1,Pt7Sn5O1,O1,5,300,41.22398016748775,0.04122398016748775,3.1710753974948602,0.00317107539749486,3.1710753974948602,0.00317107539749486,13,7,5,1.0
Pt7Sn5O1,Pt7Sn5O1,O1,5,400,41.702810084971134,0.041702810084971134,3.207908468075402,0.003207908468075402,3.207908468075402,0.003207908468075402,13,7,5,1.0
Pt7Sn5O1,Pt7Sn5O1,O1,5,500,42.9050627208926,0.0429050627208926,3.3003894400690115,0.0033003894400690115,3.3003894400690115,0.0033003894400690115,13,7,5,1.0
Pt7Sn5O1,Pt7Sn5O1,O1,5,600,42.04080993498792,0.04204080993498792,3.233908456536483,0.003233908456536483,3.233908456536483,0.003233908456536483,13,7,5,1.0
Pt7Sn5O1,Pt7Sn5O1,O1,5,700,42.66219816665398,0.04266219816665398,3.2817075512775773,0.0032817075512775774,3.2817075512775773,0.0032817075512775774,13,7,5,1.0
Pt7Sn5O1,Pt7Sn5O1,O1,5,800,43.527279706686386,0.043527279706686385,3.3482522851318204,0.0033482522851318204,3.3482522851318204,0.0033482522851318204,13,7,5,1.0
Pt7Sn5O1,Pt7Sn5O1,O1,5,900,43.10879469157953,0.043108794691579536,3.3160611301309473,0.003316061130130947,3.3160611301309473,0.003316061130130947,13,7,5,1.0
Pt7Sn5O1,Pt7Sn5O1,O1,5,1000,43.353661416695104,0.043353661416695104,3.3348970320503213,0.0033348970320503215,3.3348970320503213,0.0033348970320503215,13,7,5,1.0
Pt7Sn5O1,Pt7Sn5O1,O1,5,1100,43.16950173350051,0.04316950173350051,3.3207309025601717,0.0033207309025601716,3.3207309025601717,0.0033207309025601716,13,7,5,1.0
Pt7Sn6O1,Pt7Sn6O1,O1,6,200,40.81262189647532,0.04081262189647532,2.9151872783313593,0.0029151872783313593,2.9151872783313593,0.0029151872783313593,14,7,6,1.0
Pt7Sn6O1,Pt7Sn6O1,O1,6,300,41.387531319924165,0.04138753131992416,2.956252237145236,0.002956252237145236,2.956252237145236,0.002956252237145236,14,7,6,1.0
Pt7Sn6O1,Pt7Sn6O1,O1,6,400,41.91530160838738,0.041915301608387384,2.993950114882864,0.002993950114882864,2.993950114882864,0.002993950114882864,14,7,6,1.0
Pt7Sn6O1,Pt7Sn6O1,O1,6,500,42.56423919505323,0.042564239195053234,3.04030279964536,0.0030403027996453603,3.04030279964536,0.0030403027996453603,14,7,6,1.0
Pt7Sn6O1,Pt7Sn6O1,O1,6,600,42.21427684999071,0.04221427684999071,3.0153054892844016,0.0030153054892844014,3.0153054892844016,0.0030153054892844014,14,7,6,1.0
Pt7Sn6O1,Pt7Sn6O1,O1,6,700,40.683914058317896,0.040683914058317894,2.905993861309071,0.002905993861309071,2.905993861309071,0.002905993861309071,14,7,6,1.0
Pt7Sn6O1,Pt7Sn6O1,O1,6,800,42.347443941689555,0.04234744394168956,3.024817424407047,0.003024817424407047,3.024817424407047,0.003024817424407047,14,7,6,1.0
Pt7Sn6O1,Pt7Sn6O1,O1,6,900,43.47077744168928,0.04347077744168928,3.105055531545986,0.003105055531545986,3.105055531545986,0.003105055531545986,14,7,6,1.0
Pt7Sn6O1,Pt7Sn6O1,O1,6,1000,43.04671966667228,0.043046719666672284,3.0747656904759424,0.003074765690475942,3.0747656904759424,0.003074765690475942,14,7,6,1.0
Pt7Sn6O1,Pt7Sn6O1,O1,6,1100,43.64718199998606,0.04364718199998606,3.117655857140562,0.003117655857140562,3.117655857140562,0.003117655857140562,14,7,6,1.0
Pt7Sn9O4,Pt7Sn9O4,O4,9,200,41.97728286657366,0.04197728286657366,2.098864143326864,0.002098864143326864,2.098864143326864,0.002098864143326864,20,7,9,4.0
Pt7Sn9O4,Pt7Sn9O4,O4,9,300,42.49240440323775,0.042492404403237746,2.1246202201655255,0.0021246202201655254,2.1246202201655255,0.0021246202201655254,20,7,9,4.0
Pt7Sn9O4,Pt7Sn9O4,O4,9,400,42.71131442503247,0.04271131442503247,2.1355657212552615,0.0021355657212552615,2.1355657212552615,0.0021355657212552615,20,7,9,4.0
Pt7Sn9O4,Pt7Sn9O4,O4,9,500,43.04088213008072,0.04304088213008072,2.1520441065013074,0.0021520441065013074,2.1520441065013074,0.0021520441065013074,20,7,9,4.0
Pt7Sn9O4,Pt7Sn9O4,O4,9,600,43.321265808335745,0.04332126580833574,2.166063290414968,0.002166063290414968,2.166063290414968,0.002166063290414968,20,7,9,4.0
Pt7Sn9O4,Pt7Sn9O4,O4,9,700,43.81891450000694,0.04381891450000694,2.190945724996709,0.002190945724996709,2.190945724996709,0.002190945724996709,20,7,9,4.0
Pt7Sn9O4,Pt7Sn9O4,O4,9,800,44.74709969996184,0.04474709969996184,2.2373549849999113,0.002237354984999911,2.2373549849999113,0.002237354984999911,20,7,9,4.0
Pt7Sn9O4,Pt7Sn9O4,O4,9,900,44.922033969996846,0.04492203396999685,2.2461016985016613,0.0022461016985016614,2.2461016985016613,0.0022461016985016614,20,7,9,4.0
Pt7Sn9O4,Pt7Sn9O4,O4,9,1000,45.6565713166492,0.0456565713166492,2.2828285658306413,0.0022828285658306412,2.2828285658306413,0.0022828285658306412,20,7,9,4.0
Pt7Sn9O4,Pt7Sn9O4,O4,9,1100,46.30131535988767,0.046301315359887664,2.3150657679980213,0.0023150657679980213,2.3150657679980213,0.0023150657679980213,20,7,9,4.0
Sn10Pt7O4,Sn10Pt7O4,O4,10,200,44.003261083271354,0.04400326108327136,2.095393384915951,0.002095393384915951,2.095393384915951,0.002095393384915951,21,7,10,4.0
Sn10Pt7O4,Sn10Pt7O4,O4,10,300,43.275143441715045,0.04327514344171504,2.060721116267814,0.002060721116267814,2.060721116267814,0.002060721116267814,21,7,10,4.0
Sn10Pt7O4,Sn10Pt7O4,O4,10,400,43.627724290054175,0.043627724290054175,2.077510680478554,0.002077510680478554,2.077510680478554,0.002077510680478554,21,7,10,4.0
Sn10Pt7O4,Sn10Pt7O4,O4,10,500,43.49720228325168,0.043497202283251685,2.0712953468228084,0.0020712953468228082,2.0712953468228084,0.0020712953468228082,21,7,10,4.0
Sn10Pt7O4,Sn10Pt7O4,O4,10,600,44.16284393497335,0.044162843934973356,2.10299256833423,0.00210299256833423,2.10299256833423,0.00210299256833423,21,7,10,4.0
Sn10Pt7O4,Sn10Pt7O4,O4,10,700,46.00200272507209,0.046002002725072086,2.1905715583397978,0.0021905715583397977,2.1905715583397978,0.0021905715583397977,21,7,10,4.0
Sn10Pt7O4,Sn10Pt7O4,O4,10,800,46.090999224979896,0.046090999224979896,2.1948094869048873,0.0021948094869048873,2.1948094869048873,0.0021948094869048873,21,7,10,4.0
Sn10Pt7O4,Sn10Pt7O4,O4,10,900,45.86191394992056,0.04586191394992056,2.183900664281282,0.002183900664281282,2.183900664281282,0.002183900664281282,21,7,10,4.0
Sn10Pt7O4,Sn10Pt7O4,O4,10,1000,45.80737072501506,0.04580737072501506,2.1813033678563443,0.0021813033678563442,2.1813033678563443,0.0021813033678563442,21,7,10,4.0
Sn10Pt7O4,Sn10Pt7O4,O4,10,1100,46.10861263339757,0.04610861263339757,2.195648220640578,0.002195648220640578,2.195648220640578,0.002195648220640578,21,7,10,4.0
Sn1Pt2O1,Sn1Pt2O1,O1,1,200,39.07181250004214,0.039071812500042144,9.767953125010536,0.009767953125010536,9.767953125010536,0.009767953125010536,4,2,1,1.0
Sn1Pt2O1,Sn1Pt2O1,O1,1,300,39.09912834998977,0.03909912834998977,9.774782087497442,0.009774782087497443,9.774782087497442,0.009774782087497443,4,2,1,1.0
Sn1Pt2O1,Sn1Pt2O1,O1,1,400,39.13647368746752,0.03913647368746752,9.78411842186688,0.00978411842186688,9.78411842186688,0.00978411842186688,4,2,1,1.0
Sn1Pt2O1,Sn1Pt2O1,O1,1,500,39.226728358335095,0.03922672835833509,9.806682089583774,0.009806682089583773,9.806682089583774,0.009806682089583773,4,2,1,1.0
Sn1Pt2O1,Sn1Pt2O1,O1,1,600,39.282754787491285,0.039282754787491284,9.820688696872821,0.009820688696872821,9.820688696872821,0.009820688696872821,4,2,1,1.0
Sn1Pt2O1,Sn1Pt2O1,O1,1,700,39.5611540916434,0.0395611540916434,9.89028852291085,0.00989028852291085,9.89028852291085,0.00989028852291085,4,2,1,1.0
Sn1Pt2O1,Sn1Pt2O1,O1,1,800,39.66360757003713,0.03966360757003713,9.915901892509282,0.009915901892509283,9.915901892509282,0.009915901892509283,4,2,1,1.0
Sn1Pt2O1,Sn1Pt2O1,O1,1,900,39.85287571667868,0.039852875716678685,9.96321892916967,0.009963218929169671,9.96321892916967,0.009963218929169671,4,2,1,1.0
Sn1Pt2O1,Sn1Pt2O1,O1,1,1000,40.10088495495438,0.04010088495495438,10.025221238738595,0.010025221238738596,10.025221238738595,0.010025221238738596,4,2,1,1.0
Sn1Pt2O1,Sn1Pt2O1,O1,1,1100,39.95948146664887,0.03995948146664887,9.989870366662217,0.009989870366662218,9.989870366662217,0.009989870366662218,4,2,1,1.0
Sn3O2Pt2,Sn3O2Pt2,O2,3,200,39.97075158331427,0.03997075158331427,5.7101073690500925,0.005710107369050092,5.7101073690500925,0.005710107369050092,7,2,3,2.0
Sn3O2Pt2,Sn3O2Pt2,O2,3,300,39.99177032499574,0.03999177032499574,5.713110046426663,0.005713110046426663,5.713110046426663,0.005713110046426663,7,2,3,2.0
Sn3O2Pt2,Sn3O2Pt2,O2,3,400,40.04595212332788,0.04004595212332788,5.720850303332555,0.005720850303332555,5.720850303332555,0.005720850303332555,7,2,3,2.0
Sn3O2Pt2,Sn3O2Pt2,O2,3,500,40.12920614164614,0.04012920614164614,5.7327437345247745,0.0057327437345247746,5.7327437345247745,0.0057327437345247746,7,2,3,2.0
Sn3O2Pt2,Sn3O2Pt2,O2,3,600,40.196985926668276,0.040196985926668274,5.742426560955209,0.0057424265609552095,5.742426560955209,0.0057424265609552095,7,2,3,2.0
Sn3O2Pt2,Sn3O2Pt2,O2,3,700,40.350691220883164,0.04035069122088317,5.764384460117072,0.005764384460117072,5.764384460117072,0.005764384460117072,7,2,3,2.0
Sn3O2Pt2,Sn3O2Pt2,O2,3,800,40.45677157504542,0.040456771575045423,5.779538796423367,0.005779538796423367,5.779538796423367,0.005779538796423367,7,2,3,2.0
Sn3O2Pt2,Sn3O2Pt2,O2,3,900,40.434618470826535,0.040434618470826536,5.776374067272627,0.0057763740672726275,5.776374067272627,0.0057763740672726275,7,2,3,2.0
Sn3O2Pt2,Sn3O2Pt2,O2,3,1000,40.52625051830546,0.04052625051830546,5.789464359759222,0.005789464359759222,5.789464359759222,0.005789464359759222,7,2,3,2.0
Sn3O2Pt2,Sn3O2Pt2,O2,3,1100,40.61009955330519,0.04061009955330519,5.801442793308524,0.005801442793308524,5.801442793308524,0.005801442793308524,7,2,3,2.0
Sn3Pt4O1,Sn3Pt4O1,O1,3,200,40.25538816000335,0.04025538816000335,5.031923520000419,0.005031923520000418,5.031923520000419,0.005031923520000418,8,4,3,1.0
Sn3Pt4O1,Sn3Pt4O1,O1,3,300,40.340528403321514,0.040340528403321516,5.042566050415189,0.0050425660504151894,5.042566050415189,0.0050425660504151894,8,4,3,1.0
Sn3Pt4O1,Sn3Pt4O1,O1,3,400,40.484120640030596,0.040484120640030596,5.0605150800038246,0.0050605150800038246,5.0605150800038246,0.0050605150800038246,8,4,3,1.0
Sn3Pt4O1,Sn3Pt4O1,O1,3,500,40.747448166657705,0.04074744816665771,5.093431020832213,0.005093431020832213,5.093431020832213,0.005093431020832213,8,4,3,1.0
Sn3Pt4O1,Sn3Pt4O1,O1,3,600,40.741365124995355,0.040741365124995356,5.092670640624419,0.0050926706406244195,5.092670640624419,0.0050926706406244195,8,4,3,1.0
Sn3Pt4O1,Sn3Pt4O1,O1,3,700,40.704038683325045,0.04070403868332505,5.088004835415631,0.005088004835415631,5.088004835415631,0.005088004835415631,8,4,3,1.0
Sn3Pt4O1,Sn3Pt4O1,O1,3,800,41.127941200029454,0.04112794120002945,5.140992650003682,0.0051409926500036816,5.140992650003682,0.0051409926500036816,8,4,3,1.0
Sn3Pt4O1,Sn3Pt4O1,O1,3,900,41.7985931833391,0.0417985931833391,5.224824147917388,0.005224824147917388,5.224824147917388,0.005224824147917388,8,4,3,1.0
Sn3Pt4O1,Sn3Pt4O1,O1,3,1000,41.7891474832868,0.0417891474832868,5.22364343541085,0.00522364343541085,5.22364343541085,0.00522364343541085,8,4,3,1.0
Sn3Pt4O1,Sn3Pt4O1,O1,3,1100,41.359320183400996,0.041359320183400994,5.1699150229251245,0.005169915022925124,5.1699150229251245,0.005169915022925124,8,4,3,1.0
Sn4Pt3O1,Sn4Pt3O1,O1,4,200,41.3800577200891,0.0413800577200891,5.172507215011137,0.005172507215011137,5.172507215011137,0.005172507215011137,8,3,4,1.0
Sn4Pt3O1,Sn4Pt3O1,O1,4,300,40.661503649971564,0.040661503649971564,5.0826879562464455,0.0050826879562464455,5.0826879562464455,0.0050826879562464455,8,3,4,1.0
Sn4Pt3O1,Sn4Pt3O1,O1,4,400,39.7461859275063,0.039746185927506304,4.968273240938288,0.004968273240938288,4.968273240938288,0.004968273240938288,8,3,4,1.0
Sn4Pt3O1,Sn4Pt3O1,O1,4,500,40.173861000002944,0.04017386100000295,5.021732625000368,0.005021732625000368,5.021732625000368,0.005021732625000368,8,3,4,1.0
Sn4Pt3O1,Sn4Pt3O1,O1,4,600,40.94494886252505,0.04094494886252505,5.1181186078156315,0.005118118607815632,5.1181186078156315,0.005118118607815632,8,3,4,1.0
Sn4Pt3O1,Sn4Pt3O1,O1,4,700,40.60282386672043,0.04060282386672043,5.0753529833400535,0.0050753529833400535,5.0753529833400535,0.0050753529833400535,8,3,4,1.0
Sn4Pt3O1,Sn4Pt3O1,O1,4,800,40.09071224994841,0.04009071224994841,5.011339031243551,0.005011339031243551,5.011339031243551,0.005011339031243551,8,3,4,1.0
Sn4Pt3O1,Sn4Pt3O1,O1,4,900,40.60401221329813,0.040604012213298124,5.075501526662266,0.0050755015266622655,5.075501526662266,0.0050755015266622655,8,3,4,1.0
Sn4Pt3O1,Sn4Pt3O1,O1,4,1000,40.37273116664437,0.040372731166644374,5.046591395830546,0.005046591395830547,5.046591395830546,0.005046591395830547,8,3,4,1.0
Sn4Pt3O1,Sn4Pt3O1,O1,4,1100,39.60481267335126,0.03960481267335126,4.950601584168908,0.0049506015841689075,4.950601584168908,0.0049506015841689075,8,3,4,1.0
Sn5O2Pt4,Sn5O2Pt4,O2,5,200,41.062422658433206,0.041062422658433205,3.7329475143997115,0.0037329475143997115,3.7329475143997115,0.0037329475143997115,11,4,5,2.0
Sn5O2Pt4,Sn5O2Pt4,O2,5,300,41.1432091583265,0.0411432091583265,3.740291741664805,0.0037402917416648053,3.740291741664805,0.0037402917416648053,11,4,5,2.0
Sn5O2Pt4,Sn5O2Pt4,O2,5,400,41.21839523744711,0.04121839523744711,3.7471268397712265,0.0037471268397712264,3.7471268397712265,0.0037471268397712264,11,4,5,2.0
Sn5O2Pt4,Sn5O2Pt4,O2,5,500,41.482032650019384,0.04148203265001939,3.7710938772761438,0.0037710938772761438,3.7710938772761438,0.0037710938772761438,11,4,5,2.0
Sn5O2Pt4,Sn5O2Pt4,O2,5,600,41.39363807502377,0.041393638075023775,3.763058006816209,0.0037630580068162087,3.763058006816209,0.0037630580068162087,11,4,5,2.0
Sn5O2Pt4,Sn5O2Pt4,O2,5,700,41.88523572498524,0.041885235724985245,3.8077487022746936,0.003807748702274694,3.8077487022746936,0.003807748702274694,11,4,5,2.0
Sn5O2Pt4,Sn5O2Pt4,O2,5,800,42.054245050021564,0.04205424505002156,3.8231131863631163,0.0038231131863631163,3.8231131863631163,0.0038231131863631163,11,4,5,2.0
Sn5O2Pt4,Sn5O2Pt4,O2,5,900,41.33859088833561,0.04133859088833561,3.758053717115217,0.003758053717115217,3.758053717115217,0.003758053717115217,11,4,5,2.0
Sn5O2Pt4,Sn5O2Pt4,O2,5,1000,42.39226624995354,0.04239226624995354,3.8538423863656135,0.0038538423863656137,3.8538423863656135,0.0038538423863656137,11,4,5,2.0
Sn5O2Pt4,Sn5O2Pt4,O2,5,1100,43.48137503999169,0.04348137503999169,3.952852276370322,0.003952852276370322,3.952852276370322,0.003952852276370322,11,4,5,2.0
Sn5O4Pt2,Sn5O4Pt2,O4,5,200,40.52086423325818,0.04052086423325818,3.6837149303028127,0.003683714930302813,3.6837149303028127,0.003683714930302813,11,2,5,4.0
Sn5O4Pt2,Sn5O4Pt2,O4,5,300,40.575522066646954,0.040575522066646955,3.688683824243526,0.003688683824243526,3.688683824243526,0.003688683824243526,11,2,5,4.0
Sn5O4Pt2,Sn5O4Pt2,O4,5,400,40.68435347508057,0.04068435347508057,3.6985775886387273,0.0036985775886387274,3.6985775886387273,0.0036985775886387274,11,2,5,4.0
Sn5O4Pt2,Sn5O4Pt2,O4,5,500,40.77224208333064,0.04077224208333064,3.706567462122621,0.0037065674621226206,3.706567462122621,0.0037065674621226206,11,2,5,4.0
Sn5O4Pt2,Sn5O4Pt2,O4,5,600,40.85178054578137,0.04085178054578137,3.7137982314379774,0.003713798231437977,3.7137982314379774,0.003713798231437977,11,2,5,4.0
Sn5O4Pt2,Sn5O4Pt2,O4,5,700,40.88911192004162,0.04088911192004162,3.717191992723201,0.0037171919927232013,3.717191992723201,0.0037171919927232013,11,2,5,4.0
Sn5O4Pt2,Sn5O4Pt2,O4,5,800,40.91922002087812,0.040919220020878125,3.7199290928037954,0.0037199290928037953,3.7199290928037954,0.0037199290928037953,11,2,5,4.0
Sn5O4Pt2,Sn5O4Pt2,O4,5,900,40.43975878994388,0.04043975878994388,3.6763417081829175,0.0036763417081829173,3.6763417081829175,0.0036763417081829173,11,2,5,4.0
Sn5O4Pt2,Sn5O4Pt2,O4,5,1000,42.05051049160829,0.042050510491608295,3.822773681058607,0.003822773681058607,3.822773681058607,0.003822773681058607,11,2,5,4.0
Sn5O4Pt2,Sn5O4Pt2,O4,5,1100,44.17932358002872,0.04417932358002872,4.016302143636494,0.004016302143636494,4.016302143636494,0.004016302143636494,11,2,5,4.0
Sn6Pt5O2,Sn6Pt5O2,O2,6,200,41.988980313471984,0.04198898031347199,3.2299215625698707,0.0032299215625698706,3.2299215625698707,0.0032299215625698706,13,5,6,2.0
Sn6Pt5O2,Sn6Pt5O2,O2,6,300,41.75368967000395,0.04175368967000395,3.2118222823055476,0.0032118222823055475,3.2118222823055476,0.0032118222823055475,13,5,6,2.0
Sn6Pt5O2,Sn6Pt5O2,O2,6,400,41.82682117498189,0.04182682117498189,3.217447782690215,0.0032174477826902147,3.217447782690215,0.0032174477826902147,13,5,6,2.0
Sn6Pt5O2,Sn6Pt5O2,O2,6,500,41.97257252839336,0.041972572528393357,3.228659425258229,0.003228659425258229,3.228659425258229,0.003228659425258229,13,5,6,2.0
Sn6Pt5O2,Sn6Pt5O2,O2,6,600,41.983860166656086,0.04198386016665609,3.2295277051252924,0.0032295277051252926,3.2295277051252924,0.0032295277051252926,13,5,6,2.0
Sn6Pt5O2,Sn6Pt5O2,O2,6,700,42.720540591617464,0.042720540591617465,3.2861954301233705,0.0032861954301233705,3.2861954301233705,0.0032861954301233705,13,5,6,2.0
Sn6Pt5O2,Sn6Pt5O2,O2,6,800,42.98858690170164,0.04298858690170164,3.3068143770515235,0.0033068143770515236,3.3068143770515235,0.0033068143770515236,13,5,6,2.0
Sn6Pt5O2,Sn6Pt5O2,O2,6,900,42.42130377002468,0.042421303770024676,3.263177213079871,0.003263177213079871,3.263177213079871,0.003263177213079871,13,5,6,2.0
Sn6Pt5O2,Sn6Pt5O2,O2,6,1000,41.69764276492061,0.041697642764920606,3.207510981928863,0.003207510981928863,3.207510981928863,0.003207510981928863,13,5,6,2.0
Sn6Pt5O2,Sn6Pt5O2,O2,6,1100,41.24658920991351,0.04124658920991351,3.172814554627621,0.003172814554627621,3.172814554627621,0.003172814554627621,13,5,6,2.0
Sn7Pt4O3,Sn7Pt4O3,O3,7,200,42.544974580087,0.042544974580087,3.038926755716602,0.003038926755716602,3.038926755716602,0.003038926755716602,14,4,7,3.0
Sn7Pt4O3,Sn7Pt4O3,O3,7,300,41.18889810000837,0.04118889810000837,2.9420641500018974,0.0029420641500018975,2.9420641500018974,0.0029420641500018975,14,4,7,3.0
Sn7Pt4O3,Sn7Pt4O3,O3,7,400,40.92423386660812,0.04092423386660812,2.923159561905777,0.002923159561905777,2.923159561905777,0.002923159561905777,14,4,7,3.0
Sn7Pt4O3,Sn7Pt4O3,O3,7,500,41.68198282328376,0.04168198282328376,2.9772844873832582,0.002977284487383258,2.9772844873832582,0.002977284487383258,14,4,7,3.0
Sn7Pt4O3,Sn7Pt4O3,O3,7,600,41.36265404165896,0.04136265404165897,2.954475288688627,0.002954475288688627,2.954475288688627,0.002954475288688627,14,4,7,3.0
Sn7Pt4O3,Sn7Pt4O3,O3,7,700,41.757208758353954,0.04175720875835395,2.982657768448007,0.002982657768448007,2.982657768448007,0.002982657768448007,14,4,7,3.0
Sn7Pt4O3,Sn7Pt4O3,O3,7,800,42.95951052918099,0.04295951052918099,3.06853646637137,0.00306853646637137,3.06853646637137,0.00306853646637137,14,4,7,3.0
Sn7Pt4O3,Sn7Pt4O3,O3,7,900,42.58641617503599,0.042586416175035995,3.041886869646078,0.003041886869646078,3.041886869646078,0.003041886869646078,14,4,7,3.0
Sn7Pt4O3,Sn7Pt4O3,O3,7,1000,43.924405112484244,0.043924405112484244,3.137457508032639,0.003137457508032639,3.137457508032639,0.003137457508032639,14,4,7,3.0
Sn7Pt4O3,Sn7Pt4O3,O3,7,1100,46.45756996658747,0.046457569966587474,3.3183978547549486,0.0033183978547549485,3.3183978547549486,0.0033183978547549485,14,4,7,3.0
g-1-O1Sn4Pt3,O1Sn4Pt3,O1,4,200,41.03739591664635,0.041037395916646346,5.129674489580793,0.005129674489580793,5.129674489580793,0.005129674489580793,8,3,4,1.0
g-1-O1Sn4Pt3,O1Sn4Pt3,O1,4,300,40.45391897496302,0.04045391897496302,5.056739871870377,0.005056739871870377,5.056739871870377,0.005056739871870377,8,3,4,1.0
g-1-O1Sn4Pt3,O1Sn4Pt3,O1,4,400,40.243758691722185,0.040243758691722184,5.030469836465273,0.005030469836465273,5.030469836465273,0.005030469836465273,8,3,4,1.0
g-1-O1Sn4Pt3,O1Sn4Pt3,O1,4,500,40.43452467500174,0.04043452467500174,5.054315584375217,0.005054315584375218,5.054315584375217,0.005054315584375218,8,3,4,1.0
g-1-O1Sn4Pt3,O1Sn4Pt3,O1,4,600,40.63619550834119,0.04063619550834119,5.079524438542649,0.005079524438542649,5.079524438542649,0.005079524438542649,8,3,4,1.0
g-1-O1Sn4Pt3,O1Sn4Pt3,O1,4,700,40.83926147504826,0.04083926147504826,5.104907684381033,0.005104907684381032,5.104907684381033,0.005104907684381032,8,3,4,1.0
g-1-O1Sn4Pt3,O1Sn4Pt3,O1,4,800,40.555354566604365,0.04055535456660436,5.069419320825546,0.005069419320825545,5.069419320825546,0.005069419320825545,8,3,4,1.0
g-1-O1Sn4Pt3,O1Sn4Pt3,O1,4,900,40.7280013399577,0.0407280013399577,5.0910001674947125,0.005091000167494713,5.0910001674947125,0.005091000167494713,8,3,4,1.0
g-1-O1Sn4Pt3,O1Sn4Pt3,O1,4,1000,39.72908815005212,0.03972908815005212,4.966136018756515,0.004966136018756515,4.966136018756515,0.004966136018756515,8,3,4,1.0
g-1-O1Sn4Pt3,O1Sn4Pt3,O1,4,1100,38.454776820144616,0.038454776820144615,4.806847102518077,0.004806847102518077,4.806847102518077,0.004806847102518077,8,3,4,1.0
pt3sn5,pt3sn5,Pt(8-x)SnX,5,200,40.508698866615305,0.0405086988666153,5.063587358326913,0.005063587358326913,5.063587358326913,0.005063587358326913,8,3,5,
pt3sn5,pt3sn5,Pt(8-x)SnX,5,300,40.446140816638945,0.04044614081663894,5.055767602079868,0.005055767602079868,5.055767602079868,0.005055767602079868,8,3,5,
pt3sn5,pt3sn5,Pt(8-x)SnX,5,400,39.881046666632756,0.03988104666663275,4.9851308333290945,0.004985130833329094,4.9851308333290945,0.004985130833329094,8,3,5,
pt3sn5,pt3sn5,Pt(8-x)SnX,5,500,40.42914480000036,0.04042914480000036,5.053643100000045,0.005053643100000045,5.053643100000045,0.005053643100000045,8,3,5,
pt3sn5,pt3sn5,Pt(8-x)SnX,5,600,40.72147887338361,0.04072147887338361,5.090184859172951,0.005090184859172951,5.090184859172951,0.005090184859172951,8,3,5,
pt3sn5,pt3sn5,Pt(8-x)SnX,5,700,39.7610210566927,0.0397610210566927,4.970127632086587,0.0049701276320865875,4.970127632086587,0.0049701276320865875,8,3,5,
pt3sn5,pt3sn5,Pt(8-x)SnX,5,800,41.12719044998813,0.041127190449988124,5.140898806248516,0.0051408988062485155,5.140898806248516,0.0051408988062485155,8,3,5,
pt3sn5,pt3sn5,Pt(8-x)SnX,5,900,41.90836134330311,0.04190836134330311,5.238545167912889,0.005238545167912889,5.238545167912889,0.005238545167912889,8,3,5,
pt3sn5,pt3sn5,Pt(8-x)SnX,5,1000,41.35280046000844,0.041352800460008436,5.169100057501055,0.0051691000575010545,5.169100057501055,0.0051691000575010545,8,3,5,
pt3sn5,pt3sn5,Pt(8-x)SnX,5,1100,41.58439573337091,0.04158439573337091,5.198049466671364,0.005198049466671364,5.198049466671364,0.005198049466671364,8,3,5,
pt4sn4-2,pt4sn4-2,Pt(8-x)SnX,4,200,40.318441499985056,0.04031844149998506,5.039805187498132,0.005039805187498132,5.039805187498132,0.005039805187498132,8,4,4,
pt4sn4-2,pt4sn4-2,Pt(8-x)SnX,4,300,40.30641223333077,0.04030641223333077,5.038301529166346,0.005038301529166346,5.038301529166346,0.005038301529166346,8,4,4,
pt4sn4-2,pt4sn4-2,Pt(8-x)SnX,4,400,40.07681824994506,0.040076818249945065,5.009602281243133,0.005009602281243133,5.009602281243133,0.005009602281243133,8,4,4,
pt4sn4-2,pt4sn4-2,Pt(8-x)SnX,4,500,40.48816539165273,0.04048816539165273,5.061020673956591,0.005061020673956591,5.061020673956591,0.005061020673956591,8,4,4,
pt4sn4-2,pt4sn4-2,Pt(8-x)SnX,4,600,40.640504591719946,0.040640504591719945,5.080063073964993,0.005080063073964993,5.080063073964993,0.005080063073964993,8,4,4,
pt4sn4-2,pt4sn4-2,Pt(8-x)SnX,4,700,40.56112634163583,0.04056112634163583,5.070140792704478,0.005070140792704478,5.070140792704478,0.005070140792704478,8,4,4,
pt4sn4-2,pt4sn4-2,Pt(8-x)SnX,4,800,40.38683719998516,0.04038683719998516,5.048354649998145,0.005048354649998145,5.048354649998145,0.005048354649998145,8,4,4,
pt4sn4-2,pt4sn4-2,Pt(8-x)SnX,4,900,40.56064550837618,0.04056064550837618,5.070080688547023,0.005070080688547023,5.070080688547023,0.005070080688547023,8,4,4,
pt4sn4-2,pt4sn4-2,Pt(8-x)SnX,4,1000,41.16791939166432,0.04116791939166432,5.14598992395804,0.00514598992395804,5.14598992395804,0.00514598992395804,8,4,4,
pt4sn4-2,pt4sn4-2,Pt(8-x)SnX,4,1100,41.029901416623034,0.041029901416623035,5.128737677077879,0.005128737677077879,5.128737677077879,0.005128737677077879,8,4,4,
pt5sn3-1-best,pt5sn3-1-best,Pt(8-x)SnX,3,200,40.218660383397946,0.04021866038339795,5.027332547924743,0.005027332547924744,5.027332547924743,0.005027332547924744,8,5,3,
pt5sn3-1-best,pt5sn3-1-best,Pt(8-x)SnX,3,300,40.25529307502439,0.04025529307502439,5.031911634378049,0.005031911634378048,5.031911634378049,0.005031911634378048,8,5,3,
pt5sn3-1-best,pt5sn3-1-best,Pt(8-x)SnX,3,400,40.38954238334554,0.04038954238334554,5.048692797918193,0.005048692797918193,5.048692797918193,0.005048692797918193,8,5,3,
pt5sn3-1-best,pt5sn3-1-best,Pt(8-x)SnX,3,500,40.06712932496157,0.04006712932496157,5.008391165620196,0.0050083911656201964,5.008391165620196,0.0050083911656201964,8,5,3,
pt5sn3-1-best,pt5sn3-1-best,Pt(8-x)SnX,3,600,40.540658774989424,0.04054065877498943,5.067582346873678,0.005067582346873678,5.067582346873678,0.005067582346873678,8,5,3,
pt5sn3-1-best,pt5sn3-1-best,Pt(8-x)SnX,3,700,40.804152966738904,0.04080415296673891,5.100519120842363,0.005100519120842363,5.100519120842363,0.005100519120842363,8,5,3,
pt5sn3-1-best,pt5sn3-1-best,Pt(8-x)SnX,3,800,40.37416697836306,0.04037416697836306,5.046770872295382,0.0050467708722953825,5.046770872295382,0.0050467708722953825,8,5,3,
pt5sn3-1-best,pt5sn3-1-best,Pt(8-x)SnX,3,900,41.298264024953816,0.04129826402495382,5.162283003119227,0.005162283003119227,5.162283003119227,0.005162283003119227,8,5,3,
pt5sn3-1-best,pt5sn3-1-best,Pt(8-x)SnX,3,1000,41.86204309662571,0.04186204309662571,5.232755387078214,0.005232755387078214,5.232755387078214,0.005232755387078214,8,5,3,
pt5sn3-1-best,pt5sn3-1-best,Pt(8-x)SnX,3,1100,41.701804066688055,0.04170180406668805,5.212725508336007,0.005212725508336007,5.212725508336007,0.005212725508336007,8,5,3,
pt6,pt6,Pt6SnX,0,200,38.79301563327317,0.03879301563327317,6.465502605551592,0.006465502605551592,6.465502605551592,0.006465502605551592,6,6,0,
pt6,pt6,Pt6SnX,0,300,39.28369046669104,0.03928369046669104,6.5472817444515385,0.006547281744451539,6.5472817444515385,0.006547281744451539,6,6,0,
pt6,pt6,Pt6SnX,0,400,39.24557785001525,0.03924557785001525,6.540929641669209,0.006540929641669208,6.540929641669209,0.006540929641669208,6,6,0,
pt6,pt6,Pt6SnX,0,500,39.750069533329224,0.03975006953332923,6.6250115888851715,0.006625011588885172,6.6250115888851715,0.006625011588885172,6,6,0,
pt6,pt6,Pt6SnX,0,600,40.24430093333649,0.04024430093333649,6.707383488883352,0.006707383488883351,6.707383488883352,0.006707383488883351,6,6,0,
pt6,pt6,Pt6SnX,0,700,40.03091823338764,0.04003091823338764,6.67181970555248,0.00667181970555248,6.67181970555248,0.00667181970555248,6,6,0,
pt6,pt6,Pt6SnX,0,800,40.855917933295125,0.04085591793329513,6.8093196555673785,0.0068093196555673785,6.8093196555673785,0.0068093196555673785,6,6,0,
pt6,pt6,Pt6SnX,0,900,40.247203233302564,0.04024720323330257,6.7078672055504285,0.006707867205550428,6.7078672055504285,0.006707867205550428,6,6,0,
pt6,pt6,Pt6SnX,0,1000,40.31862566676864,0.04031862566676864,6.719770944446282,0.0067197709444462815,6.719770944446282,0.0067197709444462815,6,6,0,
pt6,pt6,Pt6SnX,0,1100,41.49809746668325,0.041498097466683245,6.9163495778047945,0.006916349577804795,6.9163495778047945,0.006916349577804795,6,6,0,
pt6sn1,pt6sn1,Pt6SnX,1,200,39.93490079999901,0.039934900799999014,5.704985828560893,0.005704985828560894,5.704985828560893,0.005704985828560894,7,6,1,
pt6sn1,pt6sn1,Pt6SnX,1,300,39.89661141669786,0.039896611416697855,5.699515916667224,0.0056995159166672235,5.699515916667224,0.0056995159166672235,7,6,1,
pt6sn1,pt6sn1,Pt6SnX,1,400,39.114211200067075,0.03911421120006708,5.587744457152439,0.0055877444571524396,5.587744457152439,0.0055877444571524396,7,6,1,
pt6sn1,pt6sn1,Pt6SnX,1,500,40.119473283411935,0.040119473283411936,5.731353326191312,0.005731353326191312,5.731353326191312,0.005731353326191312,7,6,1,
pt6sn1,pt6sn1,Pt6SnX,1,600,40.34047430002829,0.04034047430002829,5.762924900000144,0.005762924900000144,5.762924900000144,0.005762924900000144,7,6,1,
pt6sn1,pt6sn1,Pt6SnX,1,700,40.28934791662323,0.040289347916623225,5.755621130947475,0.005755621130947475,5.755621130947475,0.005755621130947475,7,6,1,
pt6sn1,pt6sn1,Pt6SnX,1,800,41.94171986666334,0.04194171986666334,5.991674266660994,0.005991674266660994,5.991674266660994,0.005991674266660994,7,6,1,
pt6sn1,pt6sn1,Pt6SnX,1,900,41.163941616687225,0.041163941616687225,5.880563088103372,0.005880563088103372,5.880563088103372,0.005880563088103372,7,6,1,
pt6sn1,pt6sn1,Pt6SnX,1,1000,40.73364413336094,0.04073364413336094,5.819092019046366,0.005819092019046366,5.819092019046366,0.005819092019046366,7,6,1,
pt6sn1,pt6sn1,Pt6SnX,1,1100,41.25625133339781,0.04125625133339781,5.893750190462015,0.005893750190462015,5.893750190462015,0.005893750190462015,7,6,1,
pt6sn2,pt6sn2,Pt6SnX,2,200,36.526427200005855,0.03652642720000585,4.565803400000732,0.0045658034000007315,4.565803400000732,0.0045658034000007315,8,6,2,
pt6sn2,pt6sn2,Pt6SnX,2,300,38.42992818892526,0.03842992818892526,4.8037410236156575,0.004803741023615657,4.8037410236156575,0.004803741023615657,8,6,2,
pt6sn2,pt6sn2,Pt6SnX,2,400,41.2571966444375,0.0412571966444375,5.157149580554687,0.005157149580554687,5.157149580554687,0.005157149580554687,8,6,2,
pt6sn2,pt6sn2,Pt6SnX,2,500,42.152022461086744,0.04215202246108674,5.269002807635843,0.005269002807635843,5.269002807635843,0.005269002807635843,8,6,2,
pt6sn2,pt6sn2,Pt6SnX,2,600,41.447171127801994,0.041447171127801996,5.180896390975249,0.0051808963909752495,5.180896390975249,0.0051808963909752495,8,6,2,
pt6sn2,pt6sn2,Pt6SnX,2,700,40.42137777774769,0.040421377777747694,5.052672222218462,0.005052672222218462,5.052672222218462,0.005052672222218462,8,6,2,
pt6sn2,pt6sn2,Pt6SnX,2,800,40.9747515944764,0.0409747515944764,5.12184394930955,0.00512184394930955,5.12184394930955,0.00512184394930955,8,6,2,
pt6sn2,pt6sn2,Pt6SnX,2,900,41.99268332020438,0.04199268332020438,5.249085415025547,0.0052490854150255475,5.249085415025547,0.0052490854150255475,8,6,2,
pt6sn2,pt6sn2,Pt6SnX,2,1000,42.46979238749191,0.042469792387491906,5.308724048436488,0.005308724048436488,5.308724048436488,0.005308724048436488,8,6,2,
pt6sn2,pt6sn2,Pt6SnX,2,1100,42.83222721249331,0.04283222721249331,5.3540284015616635,0.0053540284015616635,5.3540284015616635,0.0053540284015616635,8,6,2,
pt6sn3,pt6sn3,Pt6SnX,3,200,41.17417153334827,0.04117417153334827,4.57490794815385,0.00457490794815385,4.57490794815385,0.00457490794815385,9,6,3,
pt6sn3,pt6sn3,Pt6SnX,3,300,38.96697875003156,0.03896697875003156,4.3296643055600725,0.0043296643055600725,4.3296643055600725,0.0043296643055600725,9,6,3,
pt6sn3,pt6sn3,Pt6SnX,3,400,38.768002966680804,0.0387680029666808,4.307555885188775,0.004307555885188776,4.307555885188775,0.004307555885188776,9,6,3,
pt6sn3,pt6sn3,Pt6SnX,3,500,38.80116398329847,0.03880116398329847,4.311240442584676,0.004311240442584676,4.311240442584676,0.004311240442584676,9,6,3,
pt6sn3,pt6sn3,Pt6SnX,3,600,39.540525566626464,0.03954052556662646,4.393391729618088,0.004393391729618088,4.393391729618088,0.004393391729618088,9,6,3,
pt6sn3,pt6sn3,Pt6SnX,3,700,43.80258248333121,0.04380258248333121,4.866953609262055,0.004866953609262054,4.866953609262055,0.004866953609262054,9,6,3,
pt6sn3,pt6sn3,Pt6SnX,3,800,42.67075565003324,0.04267075565003324,4.7411950722289475,0.004741195072228948,4.7411950722289475,0.004741195072228948,9,6,3,
pt6sn3,pt6sn3,Pt6SnX,3,900,41.603571433370234,0.041603571433370234,4.622619048150227,0.004622619048150227,4.622619048150227,0.004622619048150227,9,6,3,
pt6sn3,pt6sn3,Pt6SnX,3,1000,41.7419992833311,0.0417419992833311,4.637999920369111,0.004637999920369111,4.637999920369111,0.004637999920369111,9,6,3,
pt6sn3,pt6sn3,Pt6SnX,3,1100,40.26814516662853,0.04026814516662853,4.474238351849635,0.0044742383518496355,4.474238351849635,0.0044742383518496355,9,6,3,
pt6sn4,pt6sn4,Pt6SnX,4,200,38.999320400034776,0.03899932040003477,3.8999320400034776,0.0038999320400034776,3.8999320400034776,0.0038999320400034776,10,6,4,
pt6sn4,pt6sn4,Pt6SnX,4,300,40.50550536660012,0.040505505366600116,4.050550536667288,0.004050550536667288,4.050550536667288,0.004050550536667288,10,6,4,
pt6sn4,pt6sn4,Pt6SnX,4,400,40.23440468328772,0.04023440468328772,4.023440468336048,0.004023440468336048,4.023440468336048,0.004023440468336048,10,6,4,
pt6sn4,pt6sn4,Pt6SnX,4,500,39.72381243336713,0.03972381243336713,3.972381243338532,0.003972381243338532,3.972381243338532,0.003972381243338532,10,6,4,
pt6sn4,pt6sn4,Pt6SnX,4,600,40.99376438331092,0.04099376438331092,4.09937643833473,0.00409937643833473,4.09937643833473,0.00409937643833473,10,6,4,
pt6sn4,pt6sn4,Pt6SnX,4,700,40.47553855009028,0.04047553855009028,4.047553854989019,0.0040475538549890186,4.047553854989019,0.0040475538549890186,10,6,4,
pt6sn4,pt6sn4,Pt6SnX,4,800,41.55699175003974,0.04155699175003974,4.155699174998517,0.004155699174998517,4.155699174998517,0.004155699174998517,10,6,4,
pt6sn4,pt6sn4,Pt6SnX,4,900,43.32719346661179,0.04332719346661179,4.33271934667573,0.00433271934667573,4.33271934667573,0.00433271934667573,10,6,4,
pt6sn4,pt6sn4,Pt6SnX,4,1000,42.33780106667837,0.042337801066678366,4.233780106669656,0.004233780106669655,4.233780106669656,0.004233780106669655,10,6,4,
pt6sn4,pt6sn4,Pt6SnX,4,1100,41.18114453332964,0.04118114453332964,4.11811445334024,0.00411811445334024,4.11811445334024,0.00411811445334024,10,6,4,
pt6sn5-2,pt6sn5-2,Pt6SnX,5,200,38.7129750000895,0.0387129750000895,3.5193613636420196,0.0035193613636420196,3.5193613636420196,0.0035193613636420196,11,6,5,
pt6sn5-2,pt6sn5-2,Pt6SnX,5,300,38.621342749975156,0.038621342749975154,3.511031159086997,0.003511031159086997,3.511031159086997,0.003511031159086997,11,6,5,
pt6sn5-2,pt6sn5-2,Pt6SnX,5,400,40.705234716660925,0.040705234716660925,3.7004758833290907,0.003700475883329091,3.7004758833290907,0.003700475883329091,11,6,5,
pt6sn5-2,pt6sn5-2,Pt6SnX,5,500,41.563605850096785,0.04156360585009679,3.778509622729871,0.003778509622729871,3.778509622729871,0.003778509622729871,11,6,5,
pt6sn5-2,pt6sn5-2,Pt6SnX,5,600,40.5423132499709,0.0405423132499709,3.685664840913887,0.003685664840913887,3.685664840913887,0.003685664840913887,11,6,5,
pt6sn5-2,pt6sn5-2,Pt6SnX,5,700,41.545473799924366,0.04154547379992437,3.7768612545505675,0.0037768612545505675,3.7768612545505675,0.0037768612545505675,11,6,5,
pt6sn5-2,pt6sn5-2,Pt6SnX,5,800,42.4216176000482,0.0424216176000482,3.8565106909118185,0.0038565106909118187,3.8565106909118185,0.0038565106909118187,11,6,5,
pt6sn5-2,pt6sn5-2,Pt6SnX,5,900,42.11318291665521,0.04211318291665521,3.8284711742426225,0.0038284711742426225,3.8284711742426225,0.0038284711742426225,11,6,5,
pt6sn5-2,pt6sn5-2,Pt6SnX,5,1000,43.04901503332076,0.04304901503332076,3.9135468212089113,0.003913546821208911,3.9135468212089113,0.003913546821208911,11,6,5,
pt6sn5-2,pt6sn5-2,Pt6SnX,5,1100,44.46212556678802,0.04446212556678802,4.042011415149318,0.0040420114151493184,4.042011415149318,0.0040420114151493184,11,6,5,
pt6sn6-2,pt6sn6-2,Pt6SnX,6,200,42.80135710010654,0.042801357100106546,3.5667797583391803,0.0035667797583391805,3.5667797583391803,0.0035667797583391805,12,6,6,
pt6sn6-2,pt6sn6-2,Pt6SnX,6,300,42.272636866691755,0.042272636866691755,3.522719738889464,0.003522719738889464,3.522719738889464,0.003522719738889464,12,6,6,
pt6sn6-2,pt6sn6-2,Pt6SnX,6,400,40.21757078327936,0.040217570783279366,3.351464231941464,0.0033514642319414636,3.351464231941464,0.0033514642319414636,12,6,6,
pt6sn6-2,pt6sn6-2,Pt6SnX,6,500,39.7215998833417,0.0397215998833417,3.310133323611808,0.003310133323611808,3.310133323611808,0.003310133323611808,12,6,6,
pt6sn6-2,pt6sn6-2,Pt6SnX,6,600,40.73795695003355,0.04073795695003355,3.3948297458346133,0.003394829745834613,3.3948297458346133,0.003394829745834613,12,6,6,
pt6sn6-2,pt6sn6-2,Pt6SnX,6,700,42.34130066659418,0.04234130066659418,3.5284417222237607,0.0035284417222237606,3.5284417222237607,0.0035284417222237606,12,6,6,
pt6sn6-2,pt6sn6-2,Pt6SnX,6,800,43.14746011667012,0.04314746011667012,3.595621676390692,0.003595621676390692,3.595621676390692,0.003595621676390692,12,6,6,
pt6sn6-2,pt6sn6-2,Pt6SnX,6,900,42.40432901679014,0.04240432901679014,3.5336940847264486,0.0035336940847264485,3.5336940847264486,0.0035336940847264485,12,6,6,
pt6sn6-2,pt6sn6-2,Pt6SnX,6,1000,43.17418676670058,0.04317418676670058,3.5978488972205014,0.0035978488972205013,3.5978488972205014,0.0035978488972205013,12,6,6,
pt6sn6-2,pt6sn6-2,Pt6SnX,6,1100,43.87597346663824,0.04387597346663824,3.6563311222107586,0.0036563311222107585,3.6563311222107586,0.0036563311222107585,12,6,6,
pt6sn7,pt6sn7,Pt6SnX,7,200,39.92733353326912,0.03992733353326912,3.0713333487256023,0.003071333348725602,3.0713333487256023,0.003071333348725602,13,6,7,
pt6sn7,pt6sn7,Pt6SnX,7,300,40.492875983254635,0.040492875983254635,3.114836614104206,0.003114836614104206,3.114836614104206,0.003114836614104206,13,6,7,
pt6sn7,pt6sn7,Pt6SnX,7,400,41.92867143327021,0.04192867143327021,3.225282417943163,0.003225282417943163,3.225282417943163,0.003225282417943163,13,6,7,
pt6sn7,pt6sn7,Pt6SnX,7,500,41.43681468340219,0.04143681468340219,3.187447283335132,0.0031874472833351318,3.187447283335132,0.0031874472833351318,13,6,7,
pt6sn7,pt6sn7,Pt6SnX,7,600,41.20946713337617,0.04120946713337617,3.1699590102607544,0.0031699590102607545,3.1699590102607544,0.0031699590102607545,13,6,7,
pt6sn7,pt6sn7,Pt6SnX,7,700,42.56700074998662,0.04256700074998662,3.2743846730727455,0.0032743846730727455,3.2743846730727455,0.0032743846730727455,13,6,7,
pt6sn7,pt6sn7,Pt6SnX,7,800,42.724419766673236,0.04272441976667324,3.286493828204584,0.003286493828204584,3.286493828204584,0.003286493828204584,13,6,7,
pt6sn7,pt6sn7,Pt6SnX,7,900,43.54613491668715,0.04354613491668715,3.349702685900411,0.0033497026859004107,3.349702685900411,0.0033497026859004107,13,6,7,
pt6sn7,pt6sn7,Pt6SnX,7,1000,43.65405133343302,0.04365405133343302,3.35800394871967,0.00335800394871967,3.35800394871967,0.00335800394871967,13,6,7,
pt6sn7,pt6sn7,Pt6SnX,7,1100,42.87490020011319,0.04287490020011319,3.298069246156956,0.003298069246156956,3.298069246156956,0.003298069246156956,13,6,7,
pt6sn8,pt6sn8,Pt6SnX,8,200,45.283376533334376,0.04528337653333438,3.234526895239469,0.003234526895239469,3.234526895239469,0.003234526895239469,14,6,8,
pt6sn8,pt6sn8,Pt6SnX,8,300,42.529807616665494,0.04252980761666549,3.037843401193641,0.003037843401193641,3.037843401193641,0.003037843401193641,14,6,8,
pt6sn8,pt6sn8,Pt6SnX,8,400,41.79374456660298,0.04179374456660298,2.9852674690482672,0.002985267469048267,2.9852674690482672,0.002985267469048267,14,6,8,
pt6sn8,pt6sn8,Pt6SnX,8,500,41.80865808331873,0.04180865808331873,2.9863327202428986,0.0029863327202428987,2.9863327202428986,0.0029863327202428987,14,6,8,
pt6sn8,pt6sn8,Pt6SnX,8,600,41.88017486667377,0.04188017486667377,2.9914410619085174,0.0029914410619085174,2.9914410619085174,0.0029914410619085174,14,6,8,
pt6sn8,pt6sn8,Pt6SnX,8,700,43.456204466638155,0.04345620446663816,3.1040146047598687,0.0031040146047598685,3.1040146047598687,0.0031040146047598685,14,6,8,
pt6sn8,pt6sn8,Pt6SnX,8,800,42.17534761664865,0.04217534761664865,3.0125248297599683,0.003012524829759968,3.0125248297599683,0.003012524829759968,14,6,8,
pt6sn8,pt6sn8,Pt6SnX,8,900,43.42227090004599,0.04342227090004599,3.1015907785695163,0.003101590778569516,3.1015907785695163,0.003101590778569516,14,6,8,
pt6sn8,pt6sn8,Pt6SnX,8,1000,43.89186183339916,0.04389186183339916,3.1351329880953926,0.0031351329880953925,3.1351329880953926,0.0031351329880953925,14,6,8,
pt6sn8,pt6sn8,Pt6SnX,8,1100,42.331752166646766,0.042331752166646766,3.023696583331912,0.0030236965833319116,3.023696583331912,0.0030236965833319116,14,6,8,
pt6sn9-2,pt6sn9-2,Pt6SnX,9,200,38.531147400062764,0.03853114740006276,2.568743160009035,0.0025687431600090347,2.568743160009035,0.0025687431600090347,15,6,9,
pt6sn9-2,pt6sn9-2,Pt6SnX,9,300,42.31411603337619,0.04231411603337619,2.8209410688941716,0.0028209410688941716,2.8209410688941716,0.0028209410688941716,15,6,9,
pt6sn9-2,pt6sn9-2,Pt6SnX,9,400,41.83911085005093,0.04183911085005093,2.7892740566676366,0.0027892740566676367,2.7892740566676366,0.0027892740566676367,15,6,9,
pt6sn9-2,pt6sn9-2,Pt6SnX,9,500,41.8275666833506,0.041827566683350595,2.7885044455570096,0.0027885044455570095,2.7885044455570096,0.0027885044455570095,15,6,9,
pt6sn9-2,pt6sn9-2,Pt6SnX,9,600,44.517969866647036,0.044517969866647036,2.96786465778041,0.00296786465778041,2.96786465778041,0.00296786465778041,15,6,9,
pt6sn9-2,pt6sn9-2,Pt6SnX,9,700,42.66322683324689,0.04266322683324689,2.8442151222225216,0.002844215122222522,2.8442151222225216,0.002844215122222522,15,6,9,
pt6sn9-2,pt6sn9-2,Pt6SnX,9,800,43.19425474997843,0.04319425474997843,2.8796169833321983,0.0028796169833321984,2.8796169833321983,0.0028796169833321984,15,6,9,
pt6sn9-2,pt6sn9-2,Pt6SnX,9,900,44.27605816679715,0.04427605816679715,2.95173721111496,0.00295173721111496,2.95173721111496,0.00295173721111496,15,6,9,
pt6sn9-2,pt6sn9-2,Pt6SnX,9,1000,44.20379729999695,0.04420379729999695,2.946919819996765,0.002946919819996765,2.946919819996765,0.002946919819996765,15,6,9,
pt6sn9-2,pt6sn9-2,Pt6SnX,9,1100,43.87947749986779,0.043879477499867786,2.925298499985729,0.002925298499985729,2.925298499985729,0.002925298499985729,15,6,9,
pt7sn1-1,pt7sn1-1,Pt(8-x)SnX,1,200,37.624523416743614,0.03762452341674361,4.703065427092952,0.0047030654270929515,4.703065427092952,0.0047030654270929515,8,7,1,
pt7sn1-1,pt7sn1-1,Pt(8-x)SnX,1,300,39.030118316732114,0.039030118316732115,4.878764789591514,0.004878764789591514,4.878764789591514,0.004878764789591514,8,7,1,
pt7sn1-1,pt7sn1-1,Pt(8-x)SnX,1,400,40.48925094997685,0.04048925094997685,5.061156368747106,0.0050611563687471064,5.061156368747106,0.0050611563687471064,8,7,1,
pt7sn1-1,pt7sn1-1,Pt(8-x)SnX,1,500,40.13928117499744,0.040139281174997446,5.01741014687468,0.005017410146874681,5.01741014687468,0.005017410146874681,8,7,1,
pt7sn1-1,pt7sn1-1,Pt(8-x)SnX,1,600,41.51672700834752,0.04151672700834752,5.18959087604344,0.00518959087604344,5.18959087604344,0.00518959087604344,8,7,1,
pt7sn1-1,pt7sn1-1,Pt(8-x)SnX,1,700,42.37622207496315,0.04237622207496315,5.297027759370394,0.005297027759370394,5.297027759370394,0.005297027759370394,8,7,1,
pt7sn1-1,pt7sn1-1,Pt(8-x)SnX,1,800,41.42285627167439,0.04142285627167439,5.177857033959299,0.005177857033959299,5.177857033959299,0.005177857033959299,8,7,1,
pt7sn1-1,pt7sn1-1,Pt(8-x)SnX,1,900,41.59702497170656,0.04159702497170656,5.19962812146332,0.00519962812146332,5.19962812146332,0.00519962812146332,8,7,1,
pt7sn1-1,pt7sn1-1,Pt(8-x)SnX,1,1000,41.56958742001734,0.041569587420017345,5.196198427502168,0.005196198427502168,5.196198427502168,0.005196198427502168,8,7,1,
pt7sn1-1,pt7sn1-1,Pt(8-x)SnX,1,1100,41.33607363997726,0.04133607363997726,5.167009204997157,0.0051670092049971575,5.167009204997157,0.0051670092049971575,8,7,1,
pt8sn0-2-best,pt8sn0-2-best,Pt8SnX,0,200,40.236229001457104,0.040236229001457104,5.029528625182138,0.005029528625182138,5.029528625182138,0.005029528625182138,8,8,0,
pt8sn0-2-best,pt8sn0-2-best,Pt8SnX,0,300,40.27655669684464,0.040276556696844636,5.03456958710558,0.0050345695871055795,5.03456958710558,0.0050345695871055795,8,8,0,
pt8sn0-2-best,pt8sn0-2-best,Pt8SnX,0,400,40.33794114126067,0.04033794114126067,5.042242642657584,0.005042242642657584,5.042242642657584,0.005042242642657584,8,8,0,
pt8sn0-2-best,pt8sn0-2-best,Pt8SnX,0,500,40.46588958888606,0.040465889588886056,5.058236198610757,0.005058236198610757,5.058236198610757,0.005058236198610757,8,8,0,
pt8sn0-2-best,pt8sn0-2-best,Pt8SnX,0,600,40.58247160879546,0.04058247160879546,5.072808951099432,0.0050728089510994325,5.072808951099432,0.0050728089510994325,8,8,0,
pt8sn0-2-best,pt8sn0-2-best,Pt8SnX,0,700,40.806121385030565,0.040806121385030564,5.100765173128821,0.0051007651731288205,5.100765173128821,0.0051007651731288205,8,8,0,
pt8sn0-2-best,pt8sn0-2-best,Pt8SnX,0,800,41.11191560165025,0.041111915601650256,5.138989450206282,0.005138989450206282,5.138989450206282,0.005138989450206282,8,8,0,
pt8sn0-2-best,pt8sn0-2-best,Pt8SnX,0,900,41.02608080946084,0.04102608080946084,5.128260101182605,0.005128260101182605,5.128260101182605,0.005128260101182605,8,8,0,
pt8sn0-2-best,pt8sn0-2-best,Pt8SnX,0,1000,42.0914091222221,0.042091409122222104,5.261426140277763,0.005261426140277763,5.261426140277763,0.005261426140277763,8,8,0,
pt8sn0-2-best,pt8sn0-2-best,Pt8SnX,0,1100,43.33440698886989,0.04333440698886989,5.416800873608736,0.005416800873608736,5.416800873608736,0.005416800873608736,8,8,0,
pt8sn1-2-best,pt8sn1-2-best,Pt8SnX,1,200,40.57139933574945,0.04057139933574945,4.507933259519632,0.004507933259519632,4.507933259519632,0.004507933259519632,9,8,1,
pt8sn1-2-best,pt8sn1-2-best,Pt8SnX,1,300,40.453488628554624,0.04045348862855462,4.494832069840414,0.004494832069840414,4.494832069840414,0.004494832069840414,9,8,1,
pt8sn1-2-best,pt8sn1-2-best,Pt8SnX,1,400,39.84343761781929,0.03984343761781929,4.427048624202143,0.004427048624202143,4.427048624202143,0.004427048624202143,9,8,1,
pt8sn1-2-best,pt8sn1-2-best,Pt8SnX,1,500,41.02893408096861,0.04102893408096861,4.558770453440957,0.004558770453440957,4.558770453440957,0.004558770453440957,9,8,1,
pt8sn1-2-best,pt8sn1-2-best,Pt8SnX,1,600,41.0332621071575,0.0410332621071575,4.559251345244775,0.004559251345244775,4.559251345244775,0.004559251345244775,9,8,1,
pt8sn1-2-best,pt8sn1-2-best,Pt8SnX,1,700,41.52511060550751,0.04152511060550751,4.6139011783907335,0.004613901178390734,4.6139011783907335,0.004613901178390734,9,8,1,
pt8sn1-2-best,pt8sn1-2-best,Pt8SnX,1,800,43.064500912514625,0.043064500912514625,4.78494454583597,0.0047849445458359695,4.78494454583597,0.0047849445458359695,9,8,1,
pt8sn1-2-best,pt8sn1-2-best,Pt8SnX,1,900,40.55757026784704,0.04055757026784704,4.506396696424417,0.0045063966964244175,4.506396696424417,0.0045063966964244175,9,8,1,
pt8sn1-2-best,pt8sn1-2-best,Pt8SnX,1,1000,41.55728386249393,0.04155728386249393,4.617475984723569,0.004617475984723569,4.617475984723569,0.004617475984723569,9,8,1,
pt8sn1-2-best,pt8sn1-2-best,Pt8SnX,1,1100,44.43816116996459,0.04443816116996459,4.937573463339504,0.004937573463339504,4.937573463339504,0.004937573463339504,9,8,1,
pt8sn10-2-best,pt8sn10-2-best,Pt8SnX,10,200,40.69875390472589,0.04069875390472589,2.2610418835938617,0.002261041883593862,2.2610418835938617,0.002261041883593862,18,8,10,
pt8sn10-2-best,pt8sn10-2-best,Pt8SnX,10,300,42.14799510074954,0.04214799510074954,2.341555283373964,0.002341555283373964,2.341555283373964,0.002341555283373964,18,8,10,
pt8sn10-2-best,pt8sn10-2-best,Pt8SnX,10,400,43.31373422508477,0.04331373422508477,2.40631856805976,0.00240631856805976,2.40631856805976,0.00240631856805976,18,8,10,
pt8sn10-2-best,pt8sn10-2-best,Pt8SnX,10,500,42.97496688996034,0.042974966889960345,2.3874981605558787,0.0023874981605558785,2.3874981605558787,0.0023874981605558785,18,8,10,
pt8sn10-2-best,pt8sn10-2-best,Pt8SnX,10,600,43.739593269419856,0.043739593269419855,2.429977403853627,0.002429977403853627,2.429977403853627,0.002429977403853627,18,8,10,
pt8sn10-2-best,pt8sn10-2-best,Pt8SnX,10,700,44.612454733869534,0.04461245473386953,2.4784697074346695,0.0024784697074346695,2.4784697074346695,0.0024784697074346695,18,8,10,
pt8sn10-2-best,pt8sn10-2-best,Pt8SnX,10,800,44.9078173138696,0.0449078173138696,2.4948787396624534,0.0024948787396624535,2.4948787396624534,0.0024948787396624535,18,8,10,
pt8sn10-2-best,pt8sn10-2-best,Pt8SnX,10,900,44.88444727110619,0.04488444727110619,2.4935804039569116,0.0024935804039569118,2.4935804039569116,0.0024935804039569118,18,8,10,
pt8sn10-2-best,pt8sn10-2-best,Pt8SnX,10,1000,45.19500624999637,0.04519500624999637,2.510833680553333,0.002510833680553333,2.510833680553333,0.002510833680553333,18,8,10,
pt8sn10-2-best,pt8sn10-2-best,Pt8SnX,10,1100,45.7713280300959,0.0457713280300959,2.54285155720936,0.0025428515572093603,2.54285155720936,0.0025428515572093603,18,8,10,
pt8sn2-1-best,pt8sn2-1-best,Pt8SnX,2,200,40.6790083629312,0.0406790083629312,4.067900836289482,0.004067900836289482,4.067900836289482,0.004067900836289482,10,8,2,
pt8sn2-1-best,pt8sn2-1-best,Pt8SnX,2,300,40.73053625150351,0.04073053625150351,4.073053625143075,0.0040730536251430745,4.073053625143075,0.0040730536251430745,10,8,2,
pt8sn2-1-best,pt8sn2-1-best,Pt8SnX,2,400,40.839977273353725,0.04083997727335373,4.0839977273299155,0.004083997727329916,4.0839977273299155,0.004083997727329916,10,8,2,
pt8sn2-1-best,pt8sn2-1-best,Pt8SnX,2,500,40.9848808075185,0.0409848808075185,4.098488080753668,0.0040984880807536685,4.098488080753668,0.0040984880807536685,10,8,2,
pt8sn2-1-best,pt8sn2-1-best,Pt8SnX,2,600,41.775409552355995,0.041775409552355994,4.177540955242875,0.004177540955242875,4.177540955242875,0.004177540955242875,10,8,2,
pt8sn2-1-best,pt8sn2-1-best,Pt8SnX,2,700,42.718076979144826,0.04271807697914483,4.271807697914483,0.004271807697914482,4.271807697914483,0.004271807697914482,10,8,2,
pt8sn2-1-best,pt8sn2-1-best,Pt8SnX,2,800,42.700905222664005,0.042700905222664,4.2700905222591246,0.004270090522259125,4.2700905222591246,0.004270090522259125,10,8,2,
pt8sn2-1-best,pt8sn2-1-best,Pt8SnX,2,900,42.59448364580748,0.04259448364580748,4.259448364582568,0.004259448364582568,4.259448364582568,0.004259448364582568,10,8,2,
pt8sn2-1-best,pt8sn2-1-best,Pt8SnX,2,1000,41.938877451611916,0.041938877451611914,4.1938877451684675,0.004193887745168467,4.1938877451684675,0.004193887745168467,10,8,2,
pt8sn2-1-best,pt8sn2-1-best,Pt8SnX,2,1100,41.133391994953854,0.041133391994953854,4.113339199502661,0.0041133391995026615,4.113339199502661,0.0041133391995026615,10,8,2,
pt8sn3-1-best,pt8sn3-1-best,Pt8SnX,3,200,39.90548546658829,0.039905485466588286,3.6277714060634025,0.0036277714060634026,3.6277714060634025,0.0036277714060634026,11,8,3,
pt8sn3-1-best,pt8sn3-1-best,Pt8SnX,3,300,40.72102652993635,0.04072102652993635,3.7019115027305816,0.0037019115027305816,3.7019115027305816,0.0037019115027305816,11,8,3,
pt8sn3-1-best,pt8sn3-1-best,Pt8SnX,3,400,40.87015272161807,0.04087015272161807,3.7154684292454476,0.0037154684292454478,3.7154684292454476,0.0037154684292454478,11,8,3,
pt8sn3-1-best,pt8sn3-1-best,Pt8SnX,3,500,40.00040560749767,0.040000405607497666,3.6364005097766494,0.0036364005097766494,3.6364005097766494,0.0036364005097766494,11,8,3,
pt8sn3-1-best,pt8sn3-1-best,Pt8SnX,3,600,40.97063862282084,0.04097063862282084,3.7246035111547826,0.0037246035111547825,3.7246035111547826,0.0037246035111547825,11,8,3,
pt8sn3-1-best,pt8sn3-1-best,Pt8SnX,3,700,42.750836106934,0.042750836106934004,3.8864396460849093,0.0038864396460849093,3.8864396460849093,0.0038864396460849093,11,8,3,
pt8sn3-1-best,pt8sn3-1-best,Pt8SnX,3,800,42.99054119721404,0.042990541197214044,3.90823101793103,0.00390823101793103,3.90823101793103,0.00390823101793103,11,8,3,
pt8sn3-1-best,pt8sn3-1-best,Pt8SnX,3,900,43.034731343068415,0.043034731343068414,3.9122483039045624,0.003912248303904562,3.9122483039045624,0.003912248303904562,11,8,3,
pt8sn3-1-best,pt8sn3-1-best,Pt8SnX,3,1000,43.19082274159883,0.04319082274159883,3.9264384310627074,0.003926438431062707,3.9264384310627074,0.003926438431062707,11,8,3,
pt8sn3-1-best,pt8sn3-1-best,Pt8SnX,3,1100,42.935796858218964,0.042935796858218966,3.903254259857931,0.0039032542598579313,3.903254259857931,0.0039032542598579313,11,8,3,
pt8sn4-1-best,pt8sn4-1-best,Pt8SnX,4,200,41.131218328519026,0.04113121832851903,3.427601527382649,0.0034276015273826486,3.427601527382649,0.0034276015273826486,12,8,4,
pt8sn4-1-best,pt8sn4-1-best,Pt8SnX,4,300,41.19738053093897,0.04119738053093897,3.4331150442449143,0.003433115044244914,3.4331150442449143,0.003433115044244914,12,8,4,
pt8sn4-1-best,pt8sn4-1-best,Pt8SnX,4,400,41.29679121666413,0.04129679121666413,3.441399268058376,0.003441399268058376,3.441399268058376,0.003441399268058376,12,8,4,
pt8sn4-1-best,pt8sn4-1-best,Pt8SnX,4,500,42.552687138304464,0.042552687138304464,3.5460572615284036,0.0035460572615284036,3.5460572615284036,0.0035460572615284036,12,8,4,
pt8sn4-1-best,pt8sn4-1-best,Pt8SnX,4,600,42.20006473835383,0.04220006473835383,3.51667206152797,0.00351667206152797,3.51667206152797,0.00351667206152797,12,8,4,
pt8sn4-1-best,pt8sn4-1-best,Pt8SnX,4,700,41.44414212278207,0.041444142122782066,3.453678510231839,0.003453678510231839,3.453678510231839,0.003453678510231839,12,8,4,
pt8sn4-1-best,pt8sn4-1-best,Pt8SnX,4,800,42.869361666380435,0.04286936166638043,3.572446805533218,0.003572446805533218,3.572446805533218,0.003572446805533218,12,8,4,
pt8sn4-1-best,pt8sn4-1-best,Pt8SnX,4,900,43.08344855220639,0.04308344855220639,3.5902873793520484,0.0035902873793520486,3.5902873793520484,0.0035902873793520486,12,8,4,
pt8sn4-1-best,pt8sn4-1-best,Pt8SnX,4,1000,43.359487278576125,0.04335948727857612,3.6132906065495267,0.0036132906065495267,3.6132906065495267,0.0036132906065495267,12,8,4,
pt8sn4-1-best,pt8sn4-1-best,Pt8SnX,4,1100,44.02731144000427,0.04402731144000427,3.668942620006419,0.003668942620006419,3.668942620006419,0.003668942620006419,12,8,4,
pt8sn5-1-best,pt8sn5-1-best,Pt8SnX,5,200,40.13379331750912,0.04013379331750912,3.087214870556636,0.003087214870556636,3.087214870556636,0.003087214870556636,13,8,5,
pt8sn5-1-best,pt8sn5-1-best,Pt8SnX,5,300,41.03205522929784,0.04103205522929784,3.156311940715568,0.003156311940715568,3.156311940715568,0.003156311940715568,13,8,5,
pt8sn5-1-best,pt8sn5-1-best,Pt8SnX,5,400,43.500965415514656,0.04350096541551465,3.3462281088895907,0.0033462281088895906,3.3462281088895907,0.0033462281088895906,13,8,5,
pt8sn5-1-best,pt8sn5-1-best,Pt8SnX,5,500,44.13414766830101,0.04413414766830101,3.394934436023504,0.0033949344360235043,3.394934436023504,0.0033949344360235043,13,8,5,
pt8sn5-1-best,pt8sn5-1-best,Pt8SnX,5,600,41.44981377889052,0.041449813778890524,3.18844721376081,0.00318844721376081,3.18844721376081,0.00318844721376081,13,8,5,
pt8sn5-1-best,pt8sn5-1-best,Pt8SnX,5,700,42.489958126679994,0.042489958126679994,3.2684583174295767,0.0032684583174295767,3.2684583174295767,0.0032684583174295767,13,8,5,
pt8sn5-1-best,pt8sn5-1-best,Pt8SnX,5,800,43.74851376946026,0.04374851376946026,3.3652702899644282,0.0033652702899644284,3.3652702899644282,0.0033652702899644284,13,8,5,
pt8sn5-1-best,pt8sn5-1-best,Pt8SnX,5,900,43.12346047569009,0.04312346047569009,3.3171892673681214,0.0033171892673681215,3.3171892673681214,0.0033171892673681215,13,8,5,
pt8sn5-1-best,pt8sn5-1-best,Pt8SnX,5,1000,44.0259736416192,0.044025973641619205,3.386613357047281,0.003386613357047281,3.386613357047281,0.003386613357047281,13,8,5,
pt8sn5-1-best,pt8sn5-1-best,Pt8SnX,5,1100,44.02508352854056,0.044025083528540565,3.3865448868073145,0.0033865448868073147,3.3865448868073145,0.0033865448868073147,13,8,5,
pt8sn6-1-best,pt8sn6-1-best,Pt8SnX,6,200,40.67622860951815,0.040676228609518146,2.9054449006798677,0.0029054449006798676,2.9054449006798677,0.0029054449006798676,14,8,6,
pt8sn6-1-best,pt8sn6-1-best,Pt8SnX,6,300,41.82770552142756,0.04182770552142756,2.9876932515298904,0.0029876932515298903,2.9876932515298904,0.0029876932515298903,14,8,6,
pt8sn6-1-best,pt8sn6-1-best,Pt8SnX,6,400,42.14437600552628,0.042144376005526285,3.010312571823306,0.003010312571823306,3.010312571823306,0.003010312571823306,14,8,6,
pt8sn6-1-best,pt8sn6-1-best,Pt8SnX,6,500,41.843748288811184,0.04184374828881118,2.9888391634949585,0.0029888391634949585,2.9888391634949585,0.0029888391634949585,14,8,6,
pt8sn6-1-best,pt8sn6-1-best,Pt8SnX,6,600,41.61190414444718,0.04161190414444718,2.9722788674598632,0.002972278867459863,2.9722788674598632,0.002972278867459863,14,8,6,
pt8sn6-1-best,pt8sn6-1-best,Pt8SnX,6,700,42.054149900068296,0.0420541499000683,3.0038678499977323,0.0030038678499977323,3.0038678499977323,0.0030038678499977323,14,8,6,
pt8sn6-1-best,pt8sn6-1-best,Pt8SnX,6,800,42.762967066664714,0.042762967066664714,3.054497647617609,0.003054497647617609,3.054497647617609,0.003054497647617609,14,8,6,
pt8sn6-1-best,pt8sn6-1-best,Pt8SnX,6,900,42.844922533331555,0.04284492253333155,3.0603516095197847,0.0030603516095197847,3.0603516095197847,0.0030603516095197847,14,8,6,
pt8sn6-1-best,pt8sn6-1-best,Pt8SnX,6,1000,44.13563071662793,0.04413563071662793,3.1525450511890085,0.0031525450511890084,3.1525450511890085,0.0031525450511890084,14,8,6,
pt8sn6-1-best,pt8sn6-1-best,Pt8SnX,6,1100,44.84493198877317,0.04484493198877317,3.203209427774709,0.003203209427774709,3.203209427774709,0.003203209427774709,14,8,6,
pt8sn7-1-best,pt8sn7-1-best,Pt8SnX,7,200,37.58137133976561,0.03758137133976561,2.5054247559819487,0.0025054247559819485,2.5054247559819487,0.0025054247559819485,15,8,7,
pt8sn7-1-best,pt8sn7-1-best,Pt8SnX,7,300,40.33007768659445,0.04033007768659445,2.6886718457672028,0.002688671845767203,2.6886718457672028,0.002688671845767203,15,8,7,
pt8sn7-1-best,pt8sn7-1-best,Pt8SnX,7,400,41.0584172111703,0.0410584172111703,2.7372278140728663,0.0027372278140728665,2.7372278140728663,0.0027372278140728665,15,8,7,
pt8sn7-1-best,pt8sn7-1-best,Pt8SnX,7,500,42.0890490833699,0.0420890490833699,2.8059366055549613,0.0028059366055549614,2.8059366055549613,0.0028059366055549614,15,8,7,
pt8sn7-1-best,pt8sn7-1-best,Pt8SnX,7,600,42.343942764564424,0.04234394276456442,2.822929517637931,0.002822929517637931,2.822929517637931,0.002822929517637931,15,8,7,
pt8sn7-1-best,pt8sn7-1-best,Pt8SnX,7,700,42.817496366551495,0.042817496366551494,2.8544997577773756,0.0028544997577773755,2.8544997577773756,0.0028544997577773755,15,8,7,
pt8sn7-1-best,pt8sn7-1-best,Pt8SnX,7,800,44.29487383371452,0.04429487383371452,2.9529915889179392,0.002952991588917939,2.9529915889179392,0.002952991588917939,15,8,7,
pt8sn7-1-best,pt8sn7-1-best,Pt8SnX,7,900,43.59826351785159,0.04359826351785159,2.9065509011888935,0.0029065509011888934,2.9065509011888935,0.0029065509011888934,15,8,7,
pt8sn7-1-best,pt8sn7-1-best,Pt8SnX,7,1000,43.69975253503071,0.04369975253503071,2.9133168356656824,0.0029133168356656825,2.9133168356656824,0.0029133168356656825,15,8,7,
pt8sn7-1-best,pt8sn7-1-best,Pt8SnX,7,1100,42.70557071999065,0.04270557071999065,2.8470380479939195,0.0028470380479939193,2.8470380479939195,0.0028470380479939193,15,8,7,
pt8sn8-1-best,pt8sn8-1-best,Pt8SnX,8,200,42.22111775394296,0.042221117753942966,2.638819859621435,0.0026388198596214354,2.638819859621435,0.0026388198596214354,16,8,8,
pt8sn8-1-best,pt8sn8-1-best,Pt8SnX,8,300,42.31412753142649,0.04231412753142649,2.644632970714156,0.002644632970714156,2.644632970714156,0.002644632970714156,16,8,8,
pt8sn8-1-best,pt8sn8-1-best,Pt8SnX,8,400,41.45485514440224,0.04145485514440224,2.59092844652514,0.00259092844652514,2.59092844652514,0.00259092844652514,16,8,8,
pt8sn8-1-best,pt8sn8-1-best,Pt8SnX,8,500,41.81035099994915,0.04181035099994915,2.613146937496822,0.0026131469374968217,2.613146937496822,0.0026131469374968217,16,8,8,
pt8sn8-1-best,pt8sn8-1-best,Pt8SnX,8,600,42.01647823894746,0.042016478238947455,2.626029889934216,0.002626029889934216,2.626029889934216,0.002626029889934216,16,8,8,
pt8sn8-1-best,pt8sn8-1-best,Pt8SnX,8,700,42.594079455011524,0.04259407945501152,2.6621299659382203,0.00266212996593822,2.6621299659382203,0.00266212996593822,16,8,8,
pt8sn8-1-best,pt8sn8-1-best,Pt8SnX,8,800,44.588345686133835,0.04458834568613383,2.7867716053833647,0.0027867716053833645,2.7867716053833647,0.0027867716053833645,16,8,8,
pt8sn8-1-best,pt8sn8-1-best,Pt8SnX,8,900,44.158436476718634,0.04415843647671863,2.7599022797949146,0.0027599022797949145,2.7599022797949146,0.0027599022797949145,16,8,8,
pt8sn8-1-best,pt8sn8-1-best,Pt8SnX,8,1000,44.36201845492178,0.044362018454921784,2.7726261534326113,0.0027726261534326115,2.7726261534326113,0.0027726261534326115,16,8,8,
pt8sn8-1-best,pt8sn8-1-best,Pt8SnX,8,1100,45.31052387654199,0.04531052387654199,2.8319077422838745,0.0028319077422838744,2.8319077422838745,0.0028319077422838744,16,8,8,
pt8sn9-1-best,pt8sn9-1-best,Pt8SnX,9,200,42.862477947201114,0.04286247794720111,2.521322232187231,0.0025213222321872307,2.521322232187231,0.0025213222321872307,17,8,9,
pt8sn9-1-best,pt8sn9-1-best,Pt8SnX,9,300,43.09965546359308,0.04309965546359308,2.535273850799058,0.002535273850799058,2.535273850799058,0.002535273850799058,17,8,9,
pt8sn9-1-best,pt8sn9-1-best,Pt8SnX,9,400,42.823942539980635,0.04282394253998063,2.519055443531215,0.0025190554435312153,2.519055443531215,0.0025190554435312153,17,8,9,
pt8sn9-1-best,pt8sn9-1-best,Pt8SnX,9,500,41.08091725996928,0.041080917259969284,2.4165245447056805,0.0024165245447056805,2.4165245447056805,0.0024165245447056805,17,8,9,
pt8sn9-1-best,pt8sn9-1-best,Pt8SnX,9,600,41.34322924495791,0.04134322924495791,2.4319546614697174,0.0024319546614697176,2.4319546614697174,0.0024319546614697176,17,8,9,
pt8sn9-1-best,pt8sn9-1-best,Pt8SnX,9,700,42.97560386999975,0.042975603869999754,2.5279766982339424,0.0025279766982339424,2.5279766982339424,0.0025279766982339424,17,8,9,
pt8sn9-1-best,pt8sn9-1-best,Pt8SnX,9,800,45.19780533002631,0.04519780533002631,2.658694431174808,0.002658694431174808,2.658694431174808,0.002658694431174808,17,8,9,
pt8sn9-1-best,pt8sn9-1-best,Pt8SnX,9,900,47.23449163502664,0.047234491635026646,2.7784995079400687,0.0027784995079400687,2.7784995079400687,0.0027784995079400687,17,8,9,
pt8sn9-1-best,pt8sn9-1-best,Pt8SnX,9,1000,45.693178180081304,0.045693178180081305,2.6878340105895404,0.0026878340105895406,2.6878340105895404,0.0026878340105895406,17,8,9,
pt8sn9-1-best,pt8sn9-1-best,Pt8SnX,9,1100,44.19745208011591,0.04419745208011591,2.5998501223602943,0.0025998501223602945,2.5998501223602943,0.0025998501223602945,17,8,9,
