composition,temperature,temp_value,element,n_runs,D_ensemble,R2_ensemble,intercept
Sn5O4Pt2,1000K,1000,Pt,1,4.069511556828053e-06,0.907440739826164,-1.692487867248225
Sn5O4Pt2,1000K,1000,PtSn,1,2.9896643239941886e-06,0.9185216454935622,-1.2483446722832223
Sn5O4Pt2,1000K,1000,Sn,1,2.279853262895251e-06,0.9260241689599067,-0.9564007346970964
Sn5O4Pt2,1100K,1100,Pt,2,1.3188333478705128e-06,0.7079020698020149,7.279833695151992
Sn5O4Pt2,1100K,1100,PtSn,2,1.3999311410854954e-06,0.8676383164361456,4.4382556491529765
Sn5O4Pt2,1100K,1100,Sn,2,1.4532393870481567e-06,0.9136835869288817,2.5704096540154664
Sn5O4Pt2,700K,700,Pt,2,3.1961326726314654e-07,0.8154145349015424,1.4936499863131272
Sn5O4Pt2,700K,700,PtSn,2,2.2466476126008222e-07,0.8382378591698133,0.9730351426683483
Sn5O4Pt2,700K,700,Sn,2,1.6225260474640915e-07,0.8113496283549715,0.6308212718241629
Sn5O4Pt2,800K,800,Pt,1,4.770952362238814e-06,0.9618753239851103,-6.26442470895277
Sn5O4Pt2,800K,800,PtSn,1,3.0906215877150955e-06,0.9643218437653924,-3.528772370741107
Sn5O4Pt2,800K,800,Sn,1,1.986096496667309e-06,0.9660378751198861,-1.7305569180133684
Sn10Pt7O4,1100K,1100,Pt,3,1.4903146482654901e-06,0.748741575073456,12.598209359598592
Sn10Pt7O4,1100K,1100,PtSn,3,1.512056984098558e-06,0.8592027913987609,10.438066347292011
Sn10Pt7O4,1100K,1100,Sn,3,2.595736173455045e-06,0.9625378291254852,5.229325700262331
Sn10Pt7O4,500K,500,Pt,1,1.2770708643036483e-07,0.859286486690549,0.25797414821416154
Sn10Pt7O4,500K,500,PtSn,1,1.0598062286584258e-07,0.8349759906402447,0.3405422996800669
Sn10Pt7O4,500K,500,Sn,1,8.098822045390256e-08,0.7364235157455821,0.4355220787069446
Sn10Pt7O4,600K,600,Pt,1,1.4741716792603322e-07,0.7778299080569101,0.5801305834635323
Sn10Pt7O4,600K,600,PtSn,1,1.0847789013121218e-07,0.7728418492718913,0.6205259611958158
Sn10Pt7O4,600K,600,Sn,3,2.023786159183901e-08,0.4200197415345889,0.5121303409419063
Sn10Pt7O4,700K,700,Pt,2,1.6432463667747494e-07,0.845946715177544,0.9438096688532891
Sn10Pt7O4,700K,700,PtSn,2,1.1738849586493957e-07,0.7710873584733462,0.9705460489823764
Sn10Pt7O4,700K,700,Sn,2,6.339695582315532e-08,0.4997547504646238,1.001301170653047
Pt7Sn9O4,1000K,1000,Pt,1,2.443806387652675e-06,0.96203928443302,4.6962905625578415
Pt7Sn9O4,1000K,1000,PtSn,1,2.1023341214095372e-06,0.9413218343451575,5.000786664964156
Pt7Sn9O4,1000K,1000,Sn,1,1.665886999366545e-06,0.8664356140073979,5.389971085752311
Pt7Sn9O4,1100K,1100,Pt,2,2.348356590743159e-06,0.9637646476805903,5.922747868370646
Pt7Sn9O4,1100K,1100,PtSn,4,1.4562728903223564e-06,0.9191061905058737,6.60042226769288
Pt7Sn9O4,1100K,1100,Sn,4,1.1539223227081826e-06,0.9367032404255744,5.4928204834644525
Pt7Sn9O4,300K,300,Pt,1,2.1627041800713755e-07,0.8422716682865234,-0.008870589712022259
Pt7Sn9O4,300K,300,PtSn,1,1.635536228903324e-07,0.8135703873319848,0.05361432498014007
Pt7Sn9O4,300K,300,Sn,1,9.617437238233284e-08,0.6955681620678954,0.13347874739561394
Pt7Sn9O4,400K,400,Pt,1,1.333845067395443e-07,0.6654032198522642,0.8112351824233252
Pt7Sn9O4,400K,400,PtSn,1,2.567672506122998e-07,0.9322901146518984,0.4196569046086913
Pt7Sn9O4,400K,400,Sn,1,4.144670281774197e-07,0.9503805903820641,-0.08083334898977768
Pt7Sn9O4,800K,800,Pt,3,8.422948338348278e-07,0.9811980461785609,2.0239261378210394
Pt7Sn9O4,800K,800,PtSn,3,7.284420974194375e-07,0.9767254793195612,2.063500767221164
Pt7Sn9O4,800K,800,Sn,1,1.1654249256176738e-06,0.9397388661572764,1.985239329569782
O4Pt3Sn6,1000K,1000,Pt,1,3.8026935953538753e-06,0.9411550275182425,2.9239863908924946
O4Pt3Sn6,1000K,1000,PtSn,1,2.101606638840851e-06,0.9247890242674007,2.2544668731449136
O4Pt3Sn6,1000K,1000,Sn,1,1.3532930872960362e-06,0.9348760790434809,2.4751238781005567
O4Pt3Sn6,1100K,1100,Pt,1,7.847800457973995e-06,0.880546815072796,-10.994757331560987
O4Pt3Sn6,1100K,1100,PtSn,1,4.899184107521046e-06,0.8833123594467119,-6.471520640734354
O4Pt3Sn6,1100K,1100,Sn,1,2.4764306920674082e-06,0.8857890449921789,-2.7549687341348346
O4Pt3Sn6,400K,400,Pt,1,-1.1421891888100817e-08,0.18603909240366875,0.3652712789511507
O4Pt3Sn6,400K,400,PtSn,1,-6.784987161436601e-09,0.13804200325126362,0.2980056204932007
O4Pt3Sn6,400K,400,Sn,1,-2.9750443863200228e-09,0.04446588983719552,0.24273631432359258
O4Pt3Sn6,500K,500,Pt,2,1.535295407524989e-08,0.10158608343328439,0.462433964360021
O4Pt3Sn6,500K,500,PtSn,2,1.135469657437143e-08,0.1066701927124926,0.3812979617171302
O4Pt3Sn6,500K,500,Sn,2,8.069497667928839e-09,0.10307271877888109,0.31463196109352026
O4Pt3Sn6,600K,600,Pt,1,1.1826060143944674e-06,0.6284238809322867,3.894059306757944
O4Pt3Sn6,600K,600,PtSn,1,8.380256119481987e-07,0.6132963496325806,3.1921619355363733
O4Pt3Sn6,600K,600,Sn,1,5.548985986836875e-07,0.5816525974591217,2.6154424312781206
O4Pt3Sn6,700K,700,Pt,1,6.791235475557456e-07,0.688909352506983,3.707258917403574
O4Pt3Sn6,700K,700,PtSn,1,6.94416748098924e-07,0.8385819329273401,2.912366594153518
O4Pt3Sn6,700K,700,Sn,1,7.069825117039055e-07,0.907878744871097,2.2592371753753224
O4Pt3Sn6,800K,800,Pt,3,7.695836987781263e-07,0.9012109755999512,0.5885477444159335
O4Pt3Sn6,800K,800,PtSn,3,5.974678256728459e-07,0.9332128453770742,0.5839596863136256
O4Pt3Sn6,800K,800,Sn,1,1.2698749141818075e-06,0.9583164708169123,0.3740398895737691
O4Pt3Sn6,900K,900,Pt,2,1.3397626598333547e-06,0.9291789529658395,2.07913707028296
O4Pt3Sn6,900K,900,PtSn,2,8.433785317292071e-07,0.9156936361765246,1.4875822833025643
O4Pt3Sn6,900K,900,Sn,2,4.3552064906483566e-07,0.8573943286053751,1.0015270364996645
Sn7Pt4O3,1000K,1000,Pt,1,5.903064401527021e-07,0.20502598526533589,10.909894644233058
Sn7Pt4O3,1000K,1000,PtSn,1,2.441034756030856e-07,0.059382832706154604,9.493498956367754
Sn7Pt4O3,1000K,1000,Sn,3,3.232430527515576e-07,0.3681203401163386,4.757443628403053
Sn7Pt4O3,1100K,1100,Pt,5,1.674504237024756e-06,0.9421019975451854,7.246313292616817
Sn7Pt4O3,1100K,1100,PtSn,3,1.4052900507274313e-06,0.9152918773221224,7.291558225261739
Sn7Pt4O3,1100K,1100,Sn,5,1.2022553976878854e-06,0.8941386367815872,5.258816066903095
Sn7Pt4O3,200K,200,Pt,1,2.2851330088506621e-07,0.935774521011333,0.281681757398915
Sn7Pt4O3,200K,200,PtSn,1,1.8604065859545264e-07,0.936422631486005,0.2588107150639458
Sn7Pt4O3,200K,200,Sn,1,1.4615732627669702e-07,0.9293161808104767,0.23733378688331364
Sn7Pt4O3,300K,300,Pt,1,-3.8027007292204886e-08,0.18900248457087923,1.0094434586907703
Sn7Pt4O3,300K,300,PtSn,1,-3.2361914709067276e-08,0.2096141129897206,0.8437527986213331
Sn7Pt4O3,300K,300,Sn,1,-2.7042188618828013e-08,0.2361806969197425,0.6881632715401335
Sn7Pt4O3,400K,400,Pt,1,9.840289599856208e-07,0.7666881263212789,-0.249331267330267
Sn7Pt4O3,400K,400,PtSn,1,1.076924310504386e-06,0.785056373863431,-0.24052737864508345
Sn7Pt4O3,400K,400,Sn,1,1.1641572338375104e-06,0.7973750234687996,-0.23226199880256004
Sn7Pt4O3,500K,500,Pt,3,2.745332021804483e-07,0.8719084201659915,1.4500221905401405
Sn7Pt4O3,500K,500,PtSn,1,6.932396659641155e-07,0.8922666801470234,1.0946074369720007
Sn7Pt4O3,500K,500,Sn,1,7.505064326162557e-07,0.875072284950086,1.1176968266339347
Sn7Pt4O3,900K,900,Pt,2,4.7654466981870885e-07,0.1655427885677872,14.310732917461232
Sn7Pt4O3,900K,900,PtSn,1,1.8203512505436385e-07,0.032383259314876754,14.214390555982611
Sn7Pt4O3,900K,900,Sn,1,-1.9813265656185102e-07,0.06624407855549956,10.75981027755146
O3Sn5Pt3,1100K,1100,Pt,1,2.39065762020797e-06,0.8782441857792129,2.6653850881973504
O3Sn5Pt3,1100K,1100,PtSn,3,1.147313501430601e-06,0.9156570333571561,2.4682872056126843
O3Sn5Pt3,1100K,1100,Sn,3,8.113963504830749e-07,0.8529446969435537,2.979938435681974
O3Sn5Pt3,200K,200,Pt,1,1.2312147168187332e-07,0.5480984383093875,0.03328453879949633
O3Sn5Pt3,200K,200,PtSn,1,9.645526859816914e-08,0.5443518483654444,0.041303792808263684
O3Sn5Pt3,200K,200,Sn,1,7.01626781700982e-08,0.5333156381097924,0.04921063264149467
O3Sn5Pt3,400K,400,Pt,1,-1.892814117529069e-08,0.4514323246831846,0.3295585716038931
O3Sn5Pt3,400K,400,PtSn,1,-1.6089567600398924e-08,0.45592034818757166,0.29888579855643604
O3Sn5Pt3,400K,400,Sn,3,-1.4893935983543631e-09,0.021510770480099264,0.2196571895915177
O3Sn5Pt3,600K,600,Pt,1,-2.525085402335847e-07,0.486340700554096,3.060572102748476
O3Sn5Pt3,600K,600,PtSn,1,-1.9909295448328583e-07,0.474598335984883,2.5003544421738004
O3Sn5Pt3,600K,600,Sn,1,-1.4642584226901573e-07,0.45087536053070987,1.9479861700998113
O3Sn5Pt3,800K,800,Pt,1,2.4386643494752518e-06,0.9521838364153129,2.549869394017639
O3Sn5Pt3,800K,800,PtSn,1,1.985037735092139e-06,0.9559323213937186,1.9473190611144062
O3Sn5Pt3,800K,800,Sn,1,1.537766587687034e-06,0.9420461763748383,1.35321004297756
O3Sn5Pt3,900K,900,Pt,1,2.3285056739715535e-06,0.7214656959017918,6.424210207242686
O3Sn5Pt3,900K,900,PtSn,1,4.104079519293488e-06,0.9003973652624009,4.294714226552788
O3Sn5Pt3,900K,900,Sn,1,5.854776484153457e-06,0.9514027486356934,2.1950529090753825
O3Sn4Pt2,1000K,1000,Pt,1,3.410634566814283e-06,0.8780447381028529,-2.812169936360254
O3Sn4Pt2,1000K,1000,PtSn,1,2.005882481211907e-06,0.8737582435671343,-1.4119597574903047
O3Sn4Pt2,1000K,1000,Sn,1,8.516578346322771e-07,0.8075661716895093,-0.2614697654584148
O3Sn4Pt2,1100K,1100,Pt,1,1.2921032873959924e-06,0.8318144241081591,3.353381015318943
O3Sn4Pt2,1100K,1100,PtSn,1,6.443523747242437e-07,0.7855288807461649,2.1955121112504643
O3Sn4Pt2,1100K,1100,Sn,3,3.291432996321502e-08,0.19317247171396687,1.2894517490163442
O3Sn4Pt2,400K,400,Pt,1,-4.426318516999244e-09,0.2024953614069119,0.11852790225869504
O3Sn4Pt2,400K,400,PtSn,1,-3.681973667588606e-09,0.30984298938334187,0.11246767219098029
O3Sn4Pt2,400K,400,Sn,1,-3.0703799193629336e-09,0.2410723064083842,0.10748825672261159
O3Sn4Pt2,500K,500,Pt,2,5.260210668055734e-09,0.21298554059946864,0.11159341916042585
O3Sn4Pt2,500K,500,PtSn,2,2.0620991869857365e-09,0.09102678743743586,0.12161247645874299
O3Sn4Pt2,500K,500,Sn,2,-5.656501763885739e-10,0.007290516639731493,0.12984469297551085
O3Sn4Pt2,600K,600,Pt,1,-1.4706490189171382e-08,0.5520109849039089,0.22202310087972513
O3Sn4Pt2,600K,600,PtSn,1,-1.2775037596192649e-08,0.642978394830019,0.21741716019579427
O3Sn4Pt2,600K,600,Sn,3,-5.177555770801048e-09,0.4435203030376071,0.1733891633436788
O3Sn4Pt2,700K,700,Pt,1,1.7587930265671414e-06,0.9592895343306166,-0.5003293746835045
O3Sn4Pt2,700K,700,PtSn,1,8.365406823676955e-07,0.9545067040065573,0.1290640096167026
O3Sn4Pt2,700K,700,Sn,3,5.7247765698689995e-08,0.739610079615493,0.4410367621884974
O3Sn4Pt2,800K,800,Pt,1,1.2657350125583156e-06,0.9281585429025608,0.017615475535089686
O3Sn4Pt2,800K,800,PtSn,1,6.382956152860283e-07,0.9285303281925432,0.24304800587992403
O3Sn4Pt2,800K,800,Sn,1,1.227554809554203e-07,0.7732314224262498,0.4282749728554812
O3Pt5Sn7,1000K,1000,Pt,2,3.129164807595019e-06,0.844081787251017,13.751148597406079
O3Pt5Sn7,1000K,1000,PtSn,2,2.1082428397448885e-06,0.7734683946414868,12.594503948429999
O3Pt5Sn7,1000K,1000,Sn,2,9.098873900919632e-07,0.4801029290333956,11.236846764187469
O3Pt5Sn7,1100K,1100,Pt,5,1.848010932410826e-06,0.8782334165938438,11.540063577640394
O3Pt5Sn7,1100K,1100,PtSn,6,1.5487845680029382e-06,0.9384439238875959,8.940456939545724
O3Pt5Sn7,1100K,1100,Sn,6,1.3073098947317245e-06,0.9534063977965161,6.673065658533116
O3Pt5Sn7,400K,400,Pt,1,4.158815894330267e-07,0.8342860807307646,1.201395178816338
O3Pt5Sn7,400K,400,PtSn,1,5.097527296406054e-07,0.9058978158085023,0.6651713990043144
O3Pt5Sn7,400K,400,Sn,1,6.199385925703463e-07,0.9299414819843211,0.03575320835482154
O3Pt5Sn7,500K,500,Pt,1,9.275464029063282e-07,0.9513386041854992,0.7926576596647825
O3Pt5Sn7,500K,500,PtSn,1,6.297156601063864e-07,0.933078641726435,1.1603655242789324
O3Pt5Sn7,500K,500,Sn,1,2.8012337295653133e-07,0.7292293193168079,1.5919789620970797
O3Pt5Sn7,600K,600,Pt,1,1.2608898198854773e-06,0.9264561617261539,1.2047769579180425
O3Pt5Sn7,600K,600,PtSn,1,1.007353212206449e-06,0.9323642518605867,1.0310029384099044
O3Pt5Sn7,600K,600,Sn,1,7.0975250085769e-07,0.9300579452577908,0.8270297994282716
O3Pt5Sn7,800K,800,Pt,3,9.435215560678492e-07,0.9748381306258508,1.6256340143596137
O3Pt5Sn7,800K,800,PtSn,3,6.817326961075465e-07,0.9649739537093643,1.6223255101903704
O3Pt5Sn7,800K,800,Sn,1,9.33150291057e-07,0.901263481517388,1.4012194156810631
Sn6Pt5O2,1000K,1000,Pt,1,3.16949339376485e-07,0.1675756290573867,11.367154787720153
Sn6Pt5O2,1000K,1000,PtSn,1,1.7419590683829073e-07,0.07518223149907,10.077284269676632
Sn6Pt5O2,1000K,1000,Sn,1,-2.1295037424581814e-08,0.001267151766936992,8.310899375652497
Sn6Pt5O2,1100K,1100,Pt,4,3.2514559717459397e-06,0.9162115799699115,11.395055957320483
Sn6Pt5O2,1100K,1100,PtSn,4,2.9211187854696795e-06,0.9310752071497005,9.49326034871202
Sn6Pt5O2,1100K,1100,Sn,4,2.4687453391475866e-06,0.9481338325180249,6.8888878787069
Sn6Pt5O2,200K,200,Pt,1,-1.1699952330187053e-08,0.43169733576614855,0.19833327609077717
Sn6Pt5O2,200K,200,PtSn,1,-1.0795060229986999e-08,0.4341026942549375,0.18831761259817037
Sn6Pt5O2,200K,200,Sn,1,-9.555869670268786e-09,0.41643723367643787,0.17460185101704317
Sn6Pt5O2,300K,300,Pt,3,1.901718716876654e-07,0.9053438961381651,0.7025743828262482
Sn6Pt5O2,300K,300,PtSn,1,4.2625538621812713e-07,0.867622997310644,0.6571534692277723
Sn6Pt5O2,300K,300,Sn,1,4.133768727130547e-07,0.8765839556701088,0.6275018781603161
Sn6Pt5O2,400K,400,Pt,1,1.5696619673931325e-07,0.4172438675353609,1.978260265708824
Sn6Pt5O2,400K,400,PtSn,1,1.4967402464053738e-07,0.47249701094361796,1.788063285568243
Sn6Pt5O2,400K,400,Sn,1,1.3968799326282456e-07,0.5323589359965591,1.5276017207785313
Sn6Pt5O2,800K,800,Pt,2,1.326138978795397e-06,0.631077716751492,7.21608597826055
Sn6Pt5O2,800K,800,PtSn,2,1.352216020398115e-06,0.7358480876029007,5.794958012399664
Sn6Pt5O2,800K,800,Sn,4,1.1571363594655265e-06,0.9289990463650041,4.2249501093843795
Sn6Pt5O2,900K,900,Pt,1,3.856634890010512e-06,0.9323877030542386,9.5901490892577
Sn6Pt5O2,900K,900,PtSn,1,3.701281353933636e-06,0.9274619350553118,9.6625490216245
Sn6Pt5O2,900K,900,Sn,1,3.4885354306121004e-06,0.9021359806550843,9.76170031700688
Sn5O2Pt4,1000K,1000,Pt,1,7.80651937482767e-07,0.653367636212584,4.373280455456494
Sn5O2Pt4,1000K,1000,PtSn,1,8.146566182504614e-07,0.7910005502324132,2.8521943097541156
Sn5O2Pt4,1000K,1000,Sn,1,8.593612102316668e-07,0.8463156038084546,0.8524935370573017
Sn5O2Pt4,1100K,1100,Pt,2,1.7929468634932993e-07,0.06648883062419912,10.458063580725065
Sn5O2Pt4,1100K,1100,PtSn,2,5.087716656542755e-07,0.5599985763059544,7.113728902454875
Sn5O2Pt4,1100K,1100,Sn,2,9.419194625144854e-07,0.9435553462016278,2.7170904241150664
Sn5O2Pt4,300K,300,Pt,2,1.9389252948325137e-08,0.009897299207241785,1.4449341137444238
Sn5O2Pt4,300K,300,PtSn,2,1.782887537843492e-08,0.009306472505725439,1.3735722858893518
Sn5O2Pt4,300K,300,Sn,2,1.577753549555381e-08,0.00838465417267531,1.2797563650048291
Sn5O2Pt4,600K,600,Pt,1,8.099443284409842e-07,0.9552192854985253,0.8475549658130124
Sn5O2Pt4,600K,600,PtSn,1,5.121301669942544e-07,0.914490079017557,1.1319275209240045
Sn5O2Pt4,600K,600,Sn,3,5.266766113316044e-08,0.2103506828991794,1.529089743939069
Sn5O2Pt4,700K,700,Pt,1,4.315781882614664e-07,0.6204605522260942,1.995137246192086
Sn5O2Pt4,700K,700,PtSn,3,1.2632668126689283e-07,0.5399377132718627,1.8710903036307087
Sn5O2Pt4,700K,700,Sn,1,2.0791848175505633e-07,0.37081714640052515,1.7519413619455046
Sn5O2Pt4,900K,900,Pt,3,9.53371646754242e-07,0.974691865243111,1.4776861790043014
Sn5O2Pt4,900K,900,PtSn,3,7.103267945666349e-07,0.9704824642492796,1.362261770813629
Sn5O2Pt4,900K,900,Sn,1,1.028358853827404e-06,0.9034249721832581,-0.1242523346038169
Sn3O2Pt2,1000K,1000,Pt,3,4.6410174312163775e-08,0.29524327097355657,0.8999924005745529
Sn3O2Pt2,1000K,1000,PtSn,3,3.312513527059867e-08,0.27335565380321336,0.7810717819018356
Sn3O2Pt2,1000K,1000,Sn,1,7.0014356217966e-08,0.573652195263765,0.5065337343529039
Sn3O2Pt2,1100K,1100,Pt,1,3.526789416947954e-07,0.644905973204022,1.245280750070266
Sn3O2Pt2,1100K,1100,PtSn,1,1.8438109449472745e-07,0.5888878510179812,1.0643552400433083
Sn3O2Pt2,1100K,1100,Sn,1,3.532084528033352e-12,2.0503772486660237e-09,0.8661428592953385
Sn3O2Pt2,300K,300,Pt,3,2.123893072892482e-09,0.18137132139638856,0.061981048022723625
Sn3O2Pt2,300K,300,PtSn,2,1.7488241252018133e-09,0.1289255232830718,0.0693898363150661
Sn3O2Pt2,300K,300,Sn,3,1.8216426166179532e-09,0.13499136619609758,0.08129363183346276
Sn3O2Pt2,400K,400,Pt,1,1.731198392422649e-07,0.9454102589029261,0.168982261352979
Sn3O2Pt2,400K,400,PtSn,1,1.2568372609082238e-07,0.9358591336621942,0.2088323234871693
Sn3O2Pt2,400K,400,Sn,1,7.371537775456593e-08,0.8692248638868136,0.25248981649322105
Sn3O2Pt2,500K,500,Pt,1,2.2520763763436324e-07,0.9340048897789771,0.07969758961821016
Sn3O2Pt2,500K,500,PtSn,1,1.639337289224565e-07,0.9281173486423308,0.13299998862958495
Sn3O2Pt2,500K,500,Sn,1,9.680547427028571e-08,0.8887450692162769,0.19139527078952512
Sn3O2Pt2,700K,700,Pt,1,-4.9648074109148605e-08,0.10269810554884391,1.1191899458507026
Sn3O2Pt2,700K,700,PtSn,1,-3.800359831342478e-08,0.1061196408841002,0.9185491167791112
Sn3O2Pt2,700K,700,Sn,3,7.560258423771306e-09,0.05040833211512972,0.49311138133618626
Sn3O2Pt2,800K,800,Pt,2,1.8315205938115275e-08,0.04417643724569866,0.9577820990855662
Sn3O2Pt2,800K,800,PtSn,2,1.8639214483382024e-08,0.07444408564849886,0.8038727469628374
Sn3O2Pt2,800K,800,Sn,2,1.8994174007049426e-08,0.13496737576292298,0.6352585336278689
Pt3Sn3O2,1000K,1000,Pt,1,1.533226269251741e-06,0.6913192654740551,1.4259857580932565
Pt3Sn3O2,1000K,1000,PtSn,1,1.1862079435609042e-06,0.7106561176568791,0.9482875487073636
Pt3Sn3O2,1000K,1000,Sn,1,6.159485178090107e-07,0.762100109611576,0.16327536991326363
Pt3Sn3O2,1100K,1100,Pt,2,5.831483746930485e-07,0.9135950259700363,1.948728427985575
Pt3Sn3O2,1100K,1100,PtSn,4,4.6480110847450884e-07,0.9402617363593855,1.4497412677628234
Pt3Sn3O2,1100K,1100,Sn,4,4.5752047133269326e-07,0.9200195905469888,0.7182648456673588
Pt3Sn3O2,200K,200,Pt,1,3.863184531836132e-09,0.08090945473526572,0.12589025940431298
Pt3Sn3O2,200K,200,PtSn,1,6.045179872941627e-09,0.25790157715310386,0.10446800427810383
Pt3Sn3O2,200K,200,Sn,1,9.630884719729813e-09,0.5378689963112748,0.06926447437557767
Pt3Sn3O2,400K,400,Pt,2,-3.205570502457618e-08,0.4241386204693031,0.7379475767282371
Pt3Sn3O2,400K,400,PtSn,2,-1.9223964563065015e-08,0.3757872219378316,0.5613395637052592
Pt3Sn3O2,400K,400,Sn,2,1.8626285242273822e-09,0.01038229765718316,0.2711169494905218
Pt3Sn3O2,500K,500,Pt,1,8.39455771650175e-08,0.5244134192354577,0.42122100304372473
Pt3Sn3O2,500K,500,PtSn,1,5.74644539129867e-08,0.5607998525520647,0.3496449324614159
Pt3Sn3O2,500K,500,Sn,1,1.3947626292520701e-08,0.22137522333179796,0.23202284912885818
Pt3Sn3O2,600K,600,Pt,2,1.283964952611492e-07,0.6924331146672662,0.5471141268647502
Pt3Sn3O2,600K,600,PtSn,2,9.279083446252488e-08,0.7173800440116738,0.4648335187179891
Pt3Sn3O2,600K,600,Sn,2,3.427949525624758e-08,0.6078219939477542,0.32962045864046896
Pt3Sn3O2,800K,800,Pt,2,2.1031339796073515e-07,0.7669235270894931,1.6890538555428793
Pt3Sn3O2,800K,800,PtSn,2,1.3549250734439152e-07,0.7520723868380563,1.321221780749692
Pt3Sn3O2,800K,800,Sn,4,1.650388308343161e-08,0.2362966474499803,0.5422811161755201
Pt3Sn3O2,900K,900,Pt,1,-9.839260954579207e-08,0.32329740428484194,2.1369920337153423
Pt3Sn3O2,900K,900,PtSn,1,-7.645981967009751e-08,0.349961957446668,1.6692074745232874
Pt3Sn3O2,900K,900,Sn,1,-4.041738866229743e-08,0.28185957948827417,0.9004904447396461
O2Sn8Pt7,1000K,1000,Pt,3,1.3171805497410479e-06,0.8637282824218576,8.58307620550872
O2Sn8Pt7,1000K,1000,PtSn,3,1.2484108968216437e-06,0.8612870235270527,8.437625302948263
O2Sn8Pt7,1000K,1000,Sn,4,1.1336479817937956e-06,0.8297944771463359,9.260180014527956
O2Sn8Pt7,1100K,1100,Pt,3,1.4329636636731522e-06,0.8321932873997971,11.9569194352784
O2Sn8Pt7,1100K,1100,PtSn,3,1.6554294834601347e-06,0.9135292480191846,10.519743895522769
O2Sn8Pt7,1100K,1100,Sn,4,2.3078218020091194e-06,0.9614171891185661,6.3458943209295775
O2Sn8Pt7,400K,400,Pt,1,-2.5846096211565104e-09,0.004643943541156815,0.4583727266822082
O2Sn8Pt7,400K,400,PtSn,1,-4.373898343096851e-10,0.00015746228748854515,0.4325294923177658
O2Sn8Pt7,400K,400,Sn,1,2.6501030995423974e-09,0.006118105558637808,0.39536944546527253
O2Sn8Pt7,500K,500,Pt,1,1.9538095667322866e-07,0.6976808137194412,0.5642926503355692
O2Sn8Pt7,500K,500,PtSn,1,2.0741578580032802e-07,0.7390757108914775,0.5433194790485361
O2Sn8Pt7,500K,500,Sn,1,2.247207428950584e-07,0.770579433972419,0.5131616227439142
O2Sn8Pt7,600K,600,Pt,3,-3.211107916187227e-08,0.4446623901096785,1.2097909190290104
O2Sn8Pt7,600K,600,PtSn,1,-6.616835092226357e-08,0.5579733546671548,1.332515439431974
O2Sn8Pt7,600K,600,Sn,2,-5.674683499838518e-09,0.019698184865525336,1.042622610752224
O2Sn8Pt7,900K,900,Pt,2,9.281957233250776e-07,0.8695995393086818,4.503939425427602
O2Sn8Pt7,900K,900,PtSn,4,8.382473561056118e-07,0.9301004062983286,3.413511670728141
O2Sn8Pt7,900K,900,Sn,4,1.033941640631668e-06,0.8953914580373651,3.6671276008913525
O2Pt7Sn7,1000K,1000,Pt,1,7.764788221867166e-07,0.5161638407133006,10.486512484272012
O2Pt7Sn7,1000K,1000,PtSn,3,1.0257178065688519e-06,0.8860114357530227,7.317220630837995
O2Pt7Sn7,1000K,1000,Sn,3,1.0318536600128006e-06,0.8642924156622476,6.858370893531882
O2Pt7Sn7,1100K,1100,Pt,5,2.214790061616649e-06,0.917709919258668,12.385383859554588
O2Pt7Sn7,1100K,1100,PtSn,4,2.2331970973245034e-06,0.9262440479732448,12.02525881783833
O2Pt7Sn7,1100K,1100,Sn,4,2.226089281853132e-06,0.9393075162208251,10.859888430973758
O2Pt7Sn7,200K,200,Pt,2,3.266142333747911e-08,0.6522813250806221,0.3022361472125329
O2Pt7Sn7,200K,200,PtSn,2,3.2598599665047205e-08,0.6758999617219142,0.3011525449503544
O2Pt7Sn7,200K,200,Sn,2,3.2495304048916065e-08,0.7021271277434316,0.2993720482981945
O2Pt7Sn7,700K,700,Pt,1,6.334709826346122e-07,0.7838649778802711,2.300424261259048
O2Pt7Sn7,700K,700,PtSn,1,7.055290576059335e-07,0.8426484609145115,2.3318008561702386
O2Pt7Sn7,700K,700,Sn,1,8.239432028901182e-07,0.8826024856471012,2.3833623501498353
O2Pt4Sn6,1000K,1000,Pt,4,1.1003856922831522e-06,0.8645040988239281,6.146689011876015
O2Pt4Sn6,1000K,1000,PtSn,4,9.520162007034189e-07,0.8863599884113644,5.285734453837733
O2Pt4Sn6,1000K,1000,Sn,2,8.034491184889818e-07,0.8460031509721281,4.521265200288312
O2Pt4Sn6,1100K,1100,Pt,2,2.21527215977807e-06,0.6540838906432552,16.051528156215895
O2Pt4Sn6,1100K,1100,PtSn,2,2.431250067397993e-06,0.7663432080024184,13.241805103505587
O2Pt4Sn6,1100K,1100,Sn,2,2.66786330231546e-06,0.8519028859308639,10.163629684893635
O2Pt4Sn6,500K,500,Pt,2,3.19057888971044e-07,0.7506436719912294,2.735846293354647
O2Pt4Sn6,500K,500,PtSn,2,2.166829489457466e-07,0.7079299301298526,2.2170255011673827
O2Pt4Sn6,500K,500,Sn,4,1.6200797009152998e-07,0.6752642524865199,1.6389890652154564
O2Pt4Sn6,600K,600,Pt,3,1.1936252241953285e-06,0.9327233503486008,1.9653299319804454
O2Pt4Sn6,600K,600,PtSn,1,1.407995092942103e-06,0.9705128791449411,1.6930657616184979
O2Pt4Sn6,600K,600,Sn,3,6.402733779613933e-07,0.9557760646783966,1.412599088217522
O2Pt4Sn6,700K,700,Pt,1,1.776972140262754e-06,0.9185164614990651,3.4736337800413306
O2Pt4Sn6,700K,700,PtSn,1,1.2066146526386713e-06,0.8532412467541758,4.326100017604892
O2Pt4Sn6,700K,700,Sn,3,2.734401435508507e-07,0.7666393118133399,3.004695043455353
O2Pt4Sn6,800K,800,Pt,1,-3.3660814529570083e-07,0.10784297251517583,11.767256981223683
O2Pt4Sn6,800K,800,PtSn,2,2.9726841113366447e-07,0.30416273663928595,7.222900293210234
O2Pt4Sn6,800K,800,Sn,2,2.490759545121488e-07,0.254586917359463,6.152606220246184
O2Pt4Sn6,900K,900,Pt,1,3.559417194841134e-06,0.9764126517764736,2.310777378668572
O2Pt4Sn6,900K,900,PtSn,1,3.283779170109636e-06,0.9734663616950963,1.9045631158633114
O2Pt4Sn6,900K,900,Sn,1,2.9818058769745725e-06,0.9567503537749403,1.4595354420858495
Sn4Pt3O1,1000K,1000,Pt,1,3.51281001546065e-05,0.9268435477776894,-14.16336158264886
Sn4Pt3O1,1000K,1000,PtSn,1,3.55428712890014e-05,0.9169429518395663,-13.523113367676075
Sn4Pt3O1,1000K,1000,Sn,1,3.605407585244395e-05,0.9039302679915244,-12.73403285491628
Sn4Pt3O1,1100K,1100,Pt,1,6.0756644156815535e-06,0.9097163197271528,2.3476194537760335
Sn4Pt3O1,1100K,1100,PtSn,1,5.27359245693128e-06,0.9030134023802382,1.1669966856244258
Sn4Pt3O1,1100K,1100,Sn,3,2.229163037792124e-06,0.9131561220786032,1.995448707371395
Sn4Pt3O1,300K,300,Pt,1,1.1243878529274763e-06,0.8542951322924239,-0.17681081431046763
Sn4Pt3O1,300K,300,PtSn,1,1.0499216851240377e-06,0.86667635921352,0.049296896725604
Sn4Pt3O1,300K,300,Sn,1,9.581428932616803e-07,0.8769441637957759,0.32797178905596347
Sn4Pt3O1,400K,400,Pt,2,2.1690685359190786e-06,0.9493692362316093,0.6604160784611661
Sn4Pt3O1,400K,400,PtSn,2,2.085872461315395e-06,0.951555463016766,0.8421291376209812
Sn4Pt3O1,400K,400,Sn,2,1.9833345596675956e-06,0.950176304756991,1.0660868707812696
Sn4Pt3O1,500K,500,Pt,2,1.2991830438160572e-06,0.7140082546980161,9.461333136954291
Sn4Pt3O1,500K,500,PtSn,2,1.4570932620191572e-06,0.6888212859623626,10.49777758275691
Sn4Pt3O1,500K,500,Sn,2,1.6517144809713094e-06,0.6580127074049464,11.775181193343542
Sn4Pt3O1,700K,700,Pt,3,1.2394920387447237e-06,0.42276110018686136,16.14016529175405
Sn4Pt3O1,700K,700,PtSn,3,1.2143076195738582e-06,0.4333673091797194,15.866386296286443
Sn4Pt3O1,700K,700,Sn,3,1.183268353855331e-06,0.4426325146499311,15.528955116368698
Sn4Pt3O1,800K,800,Pt,3,3.683239654969216e-07,0.03958004467232453,25.14392913637099
Sn4Pt3O1,800K,800,PtSn,3,6.587639024269181e-07,0.14282663326237371,23.44750261110882
Sn4Pt3O1,800K,800,Sn,3,1.016728102600587e-06,0.3483649973269633,21.356672781369006
Sn4Pt3O1,900K,900,Pt,4,6.737294945749974e-06,0.9485473443576573,16.638450937507038
Sn4Pt3O1,900K,900,PtSn,4,6.4144452572060375e-06,0.944009994398558,16.726004842582782
Sn4Pt3O1,900K,900,Sn,4,6.016534562909398e-06,0.9364588957489031,16.83392152341439
Sn3Pt4O1,1000K,1000,Pt,3,6.43514030066682e-07,0.7713048575889402,5.625801691382977
Sn3Pt4O1,1000K,1000,PtSn,3,5.125650676777557e-07,0.733452429012448,5.8829048446567205
Sn3Pt4O1,1000K,1000,Sn,1,-3.608538705595549e-07,0.20765097009368969,10.111143101683128
Sn3Pt4O1,200K,200,Pt,1,1.3575024636710825e-08,0.46908825465786175,0.05884861537403545
Sn3Pt4O1,200K,200,PtSn,1,1.3358390702859684e-08,0.5375492180183655,0.05809189905352383
Sn3Pt4O1,200K,200,Sn,1,1.2883746016962255e-08,0.4993913072611535,0.05643378157757048
Sn3Pt4O1,300K,300,Pt,1,5.559597217360097e-08,0.5628091741601503,0.056035532576544256
Sn3Pt4O1,300K,300,PtSn,1,6.436697538366093e-08,0.6091355175955966,0.08173140801907391
Sn3Pt4O1,300K,300,Sn,1,8.3585006109697e-08,0.6038057463763382,0.13803336722813425
Sn3Pt4O1,500K,500,Pt,2,3.3354753260442617e-09,0.005020646723314787,0.5948320059642457
Sn3Pt4O1,500K,500,PtSn,2,6.52552115879359e-09,0.019931776680833763,0.6128558547655243
Sn3Pt4O1,500K,500,Sn,2,1.3515201263040005e-08,0.05412411665291201,0.6523476929014006
Sn3Pt4O1,600K,600,Pt,1,1.7559737426979742e-07,0.7674163960669987,0.4799483300635159
Sn3Pt4O1,600K,600,PtSn,3,5.1876046008429714e-08,0.28261253669460085,0.8859167784985312
Sn3Pt4O1,600K,600,Sn,3,4.4168469162630044e-08,0.14102356713347078,0.9432206270179662
Sn3Pt4O1,700K,700,Pt,4,1.7416727903013503e-07,0.67939388464993,1.0846013137145958
Sn3Pt4O1,700K,700,PtSn,2,2.518879789918626e-07,0.6738307993309008,1.1391689631582689
Sn3Pt4O1,700K,700,Sn,4,5.0582820185659e-08,0.3721768118417397,1.0624153442715616
Sn3Pt4O1,800K,800,Pt,1,1.8291996010748699e-07,0.5499024275258549,1.2121976814588726
Sn3Pt4O1,800K,800,PtSn,1,2.0283610945574094e-07,0.6661627930430758,1.0137677108285843
Sn3Pt4O1,800K,800,Sn,3,8.454837303743524e-08,0.5405452223474956,0.8532883954821011
Sn3Pt4O1,900K,900,Pt,2,6.228331193062564e-07,0.46764874879863516,5.454755737285787
Sn3Pt4O1,900K,900,PtSn,4,4.2219254650403227e-07,0.7621376298894345,3.659492353136199
Sn3Pt4O1,900K,900,Sn,4,3.207157911055422e-07,0.6659144811518836,2.6837811794263633
Sn1Pt2O1,1100K,1100,Pt,2,1.1185691489802516e-06,0.5158480914252234,7.907270814586334
Sn1Pt2O1,1100K,1100,PtSn,2,1.1109938307767355e-06,0.4795985135880764,8.82098268420018
Sn1Pt2O1,1100K,1100,Sn,2,1.0860977730200013e-06,0.3072037457896003,11.824012656392625
Sn1Pt2O1,400K,400,Pt,2,1.077365238883504e-08,0.1842836047891665,0.15622142709435402
Sn1Pt2O1,400K,400,PtSn,4,1.180198713117055e-08,0.1332996350674541,0.2627611024870338
Sn1Pt2O1,400K,400,Sn,4,2.627470535473305e-08,0.10348279654152996,0.5284230813965728
Sn1Pt2O1,500K,500,Pt,2,-1.194773215671466e-08,0.06073351236925608,0.4291950981977103
Sn1Pt2O1,500K,500,PtSn,2,-1.5567631223408784e-08,0.09646453096285455,0.575211576922083
Sn1Pt2O1,500K,500,Sn,2,-2.7464915228382404e-08,0.06604313111987382,1.055113761131894
Sn1Pt2O1,600K,600,Pt,1,-5.663401751553371e-09,0.0130137430250884,0.37519134177611485
Sn1Pt2O1,600K,600,PtSn,3,8.656336104301706e-09,0.030488091831454008,0.523989673508348
Sn1Pt2O1,600K,600,Sn,3,1.4486217191352311e-08,0.024206719338486577,0.9505091062303076
Sn1Pt2O1,700K,700,Pt,4,-4.03377174428952e-09,0.016723322935510113,0.41259083477085856
Sn1Pt2O1,700K,700,PtSn,4,6.185748879299721e-09,0.01397497756612769,0.5490233725946001
Sn1Pt2O1,700K,700,Sn,2,5.225274904458772e-08,0.06482073099404159,0.9794452254059054
Sn1Pt2O1,900K,900,Pt,1,1.9508415794199017e-07,0.697470820646087,0.2901060697069491
Sn1Pt2O1,900K,900,PtSn,1,2.5162228569467936e-07,0.7835580599247035,0.4246097905314463
Sn1Pt2O1,900K,900,Sn,1,4.374418949375558e-07,0.6546364934957004,0.8666753986912159
Pt7Sn6O1,1000K,1000,Pt,4,9.851235202680136e-07,0.9143835379594497,7.3947940337965905
Pt7Sn6O1,1000K,1000,PtSn,4,8.579798980063258e-07,0.9292205150497078,6.904226694803665
Pt7Sn6O1,1000K,1000,Sn,2,6.542399863706198e-07,0.7468954282265375,5.926021887941928
Pt7Sn6O1,1100K,1100,Pt,4,2.026271948566228e-06,0.8548056419938123,14.119405732301574
Pt7Sn6O1,1100K,1100,PtSn,4,2.1666700678819585e-06,0.8475684818821103,14.26797648239479
Pt7Sn6O1,1100K,1100,Sn,4,2.43584160699098e-06,0.8239792346469874,14.552820130975473
Pt7Sn6O1,200K,200,Pt,1,1.7558921102182782e-07,0.8799303695634525,0.19792263191132664
Pt7Sn6O1,200K,200,PtSn,1,1.723609575161591e-07,0.8625089901626998,0.2181812723412846
Pt7Sn6O1,200K,200,Sn,1,1.661717718624201e-07,0.8206620896916,0.25702101160931057
Pt7Sn6O1,400K,400,Pt,1,1.52122922157832e-07,0.7943928637077271,0.16352619958071268
Pt7Sn6O1,400K,400,PtSn,1,1.6009550530674473e-07,0.8039977674197439,0.19677073936979617
Pt7Sn6O1,400K,400,Sn,1,1.7538038020937765e-07,0.8081567359328158,0.260507877898538
Pt7Sn6O1,500K,500,Pt,3,8.474154468093874e-08,0.6654076238878335,1.2014944052972096
Pt7Sn6O1,500K,500,PtSn,3,6.013776159190947e-08,0.4799771099975018,1.2573819573082035
Pt7Sn6O1,500K,500,Sn,1,2.2128401252464186e-07,0.7748306385615068,1.2223858219974904
Pt7Sn6O1,600K,600,Pt,4,3.488925705128821e-07,0.8844642048258496,0.7969344569831931
Pt7Sn6O1,600K,600,PtSn,4,3.6315978808097794e-07,0.8923522487572452,0.8603845819391092
Pt7Sn6O1,600K,600,Sn,2,5.65323829104359e-07,0.8875659838067835,0.636785070832286
Pt7Sn6O1,800K,800,Pt,3,5.974859309382786e-07,0.9402822805383494,2.256710194890662
Pt7Sn6O1,800K,800,PtSn,1,1.065973500613302e-06,0.9186209784847426,1.6452904137105744
Pt7Sn6O1,800K,800,Sn,3,2.0882055500878655e-07,0.6855356803330239,2.296486442630801
Pt7Sn5O1,1000K,1000,Pt,3,7.135840855008698e-07,0.7368236938407331,7.090835262900745
Pt7Sn5O1,1000K,1000,PtSn,3,6.874077422780026e-07,0.7415070898293442,7.273739781029226
Pt7Sn5O1,1000K,1000,Sn,1,-6.206050535339193e-07,0.6768415584152456,8.337493608749618
Pt7Sn5O1,1100K,1100,Pt,3,3.1475777730693206e-06,0.8846209895888074,12.817094615181471
Pt7Sn5O1,1100K,1100,PtSn,3,3.342265848244238e-06,0.8862276877467802,12.563986091881528
Pt7Sn5O1,1100K,1100,Sn,2,5.295727130864792e-06,0.8749733805036317,13.2130184764953
Pt7Sn5O1,200K,200,Pt,1,-2.072274649090565e-08,0.42555221947918803,0.2629259286949248
Pt7Sn5O1,200K,200,PtSn,1,-2.2128768966354437e-08,0.42069224146625345,0.2838308794807475
Pt7Sn5O1,200K,200,Sn,1,-2.536350773229258e-08,0.40462757796287774,0.3319255855713392
Pt7Sn5O1,300K,300,Pt,1,-1.136335057346604e-08,0.1128508631240444,0.26146708810183344
Pt7Sn5O1,300K,300,PtSn,1,-1.1388696178525749e-08,0.098166828964159,0.2825447159201532
Pt7Sn5O1,300K,300,Sn,1,-1.1447015641115853e-08,0.07125187504875372,0.33103680464036345
Pt7Sn5O1,400K,400,Pt,2,8.335172655991882e-08,0.49514312547360817,0.9057367278829631
Pt7Sn5O1,400K,400,PtSn,2,9.350169033796153e-08,0.5305335591002518,0.9371423779395731
Pt7Sn5O1,400K,400,Sn,2,1.1685325149054374e-07,0.5828617097595123,1.009394728357688
Pt7Sn5O1,500K,500,Pt,4,8.190158266881039e-08,0.554961627372929,1.1459298021653233
Pt7Sn5O1,500K,500,PtSn,2,5.406137848867704e-08,0.13734039286714927,1.2558989199270543
Pt7Sn5O1,500K,500,Sn,2,7.888629200721891e-08,0.21914959009174695,1.248211563695265
Pt7Sn5O1,700K,700,Pt,1,6.93950779318911e-07,0.8852760147247387,0.9037083466279601
Pt7Sn5O1,700K,700,PtSn,1,7.216230840387457e-07,0.8953330581714584,0.7561778566201309
Pt7Sn5O1,700K,700,Sn,1,7.852867769611835e-07,0.8938247769471045,0.4167642098560993
Pt5Sn4O1,1000K,1000,Pt,2,4.832862540491093e-07,0.7042825398303493,4.445028289290038
Pt5Sn4O1,1000K,1000,PtSn,2,5.388291583239145e-07,0.8102976389262383,4.06214425627442
Pt5Sn4O1,1000K,1000,Sn,2,6.529217671940504e-07,0.8934645586486298,3.275646501818532
Pt5Sn4O1,1100K,1100,Pt,2,1.7351496592964727e-06,0.64743726712391,12.349611123385696
Pt5Sn4O1,1100K,1100,PtSn,2,1.2885748380720743e-06,0.47799251455322056,12.991016978207256
Pt5Sn4O1,1100K,1100,Sn,2,3.712447626667887e-07,0.05450558345312088,14.308560719573073
Pt5Sn4O1,200K,200,Pt,1,9.601413647004046e-09,0.42792042538634195,0.0696457693084555
Pt5Sn4O1,200K,200,PtSn,1,9.974833856620771e-09,0.4106072944276407,0.07838897318288224
Pt5Sn4O1,200K,200,Sn,1,1.0741867671251729e-08,0.34562931762747157,0.0963488642575136
Pt5Sn4O1,300K,300,Pt,2,5.114175247246846e-09,0.08776019125933054,0.18433967226341008
Pt5Sn4O1,300K,300,PtSn,2,4.593512257203777e-09,0.06263093157465141,0.21572394407930892
Pt5Sn4O1,300K,300,Sn,2,3.5239858865270566e-09,0.026048202875493035,0.2801917794462497
Pt5Sn4O1,400K,400,Pt,1,1.4388780345952075e-08,0.053261163957235826,0.3644073173819323
Pt5Sn4O1,400K,400,PtSn,1,1.96157781632979e-08,0.07277520687823587,0.3905147434057473
Pt5Sn4O1,400K,400,Sn,1,3.0352778610747114e-08,0.09924790321738873,0.4441431334865528
Pt5Sn4O1,500K,500,Pt,1,1.4399641131741102e-08,0.07337427952833875,0.39744746012461163
Pt5Sn4O1,500K,500,PtSn,1,1.685777143217202e-08,0.08215145992727213,0.4463970297239649
Pt5Sn4O1,500K,500,Sn,1,2.1907094365864475e-08,0.08730035727441234,0.5469466144337377
Pt5Sn4O1,900K,900,Pt,1,1.0302291567459258e-06,0.9540922554707001,1.666872650268413
Pt5Sn4O1,900K,900,PtSn,1,1.2713218562939504e-06,0.9660226379825742,1.6911977057399286
Pt5Sn4O1,900K,900,Sn,1,1.7665606862590958e-06,0.9703278035767444,1.741166486341383
Pt5Sn3O1,1000K,1000,Pt,1,4.4436809209523655e-06,0.9558767117570013,3.5935672220486516
Pt5Sn3O1,1000K,1000,PtSn,1,4.163736957981684e-06,0.9583185275093165,3.401496545755819
Pt5Sn3O1,1000K,1000,Sn,1,3.3970079849056777e-06,0.9530138045245496,2.875459867485624
Pt5Sn3O1,1100K,1100,Pt,3,1.3871139198710483e-06,0.5127885616804717,16.567520886246136
Pt5Sn3O1,1100K,1100,PtSn,3,1.3830144355224278e-06,0.5529340712756554,16.457698585385252
Pt5Sn3O1,1100K,1100,Sn,4,2.200266354040778e-06,0.872053128958179,13.456898376062322
Pt5Sn3O1,200K,200,Pt,4,3.756510734006946e-11,0.00014058635632070615,0.09180400391750096
Pt5Sn3O1,200K,200,PtSn,1,3.734835285739577e-09,0.17602162672399074,0.089956345327153
Pt5Sn3O1,200K,200,Sn,4,-4.985434644445517e-10,0.007305838712388072,0.13024238871865482
Pt5Sn3O1,300K,300,Pt,1,2.9711445930949093e-07,0.951428551923761,0.25600019128881546
Pt5Sn3O1,300K,300,PtSn,1,2.445158382704715e-07,0.9492087222907766,0.26246708945197916
Pt5Sn3O1,300K,300,Sn,1,1.0045577607182453e-07,0.8022468595037562,0.2801787565225654
Pt5Sn3O1,500K,500,Pt,1,2.1723760456364671e-07,0.8909174148408386,0.954752967425974
Pt5Sn3O1,500K,500,PtSn,1,2.2522295630070657e-07,0.887284947063217,0.7333767704330498
Pt5Sn3O1,500K,500,Sn,1,2.4709369817936494e-07,0.7095193507895109,0.12705896636715774
Pt5Sn3O1,600K,600,Pt,1,4.880765647693844e-07,0.7524312280659968,0.9962624789407544
Pt5Sn3O1,600K,600,PtSn,1,4.5516909912782016e-07,0.7876526368177031,0.9103586297334698
Pt5Sn3O1,600K,600,Sn,1,3.650403301284484e-07,0.848154280891131,0.6750802363874602
Pt5Sn3O1,800K,800,Pt,1,2.5289707518436784e-06,0.897365889487306,-0.4136728063523538
Pt5Sn3O1,800K,800,PtSn,1,2.7477421056628818e-06,0.9307382922174491,-0.2167034284131386
Pt5Sn3O1,800K,800,Sn,1,3.3469259963543714e-06,0.9550763842763371,0.3227670399857594
Pt3Sn2O1,1000K,1000,Pt,1,3.6149983222804862e-06,0.9231379298373571,0.8666474887085727
Pt3Sn2O1,1000K,1000,PtSn,1,2.876492888950454e-06,0.9213411908220871,0.8622961188198239
Pt3Sn2O1,1000K,1000,Sn,1,1.0560949239150489e-06,0.8962080770608014,0.8515736127891662
Pt3Sn2O1,200K,200,Pt,2,-2.952882764225901e-10,0.008087929992003995,0.051941823300675045
Pt3Sn2O1,200K,200,PtSn,2,-1.6371492767889913e-10,0.0026824875244744755,0.05564237383267404
Pt3Sn2O1,200K,200,Sn,4,1.4856445121728545e-10,0.002374384723464994,0.05960239046732005
Pt3Sn2O1,300K,300,Pt,3,1.8462581578941037e-09,0.12915916994995125,0.059799521802672506
Pt3Sn2O1,300K,300,PtSn,3,1.356913050587319e-09,0.0992721192372135,0.06518126965213976
Pt3Sn2O1,300K,300,Sn,1,-2.0369391217254996e-09,0.08638669246534528,0.09532758021455084
Pt3Sn2O1,400K,400,Pt,1,-4.8405047508041745e-09,0.2908313528311619,0.11725173807032666
Pt3Sn2O1,400K,400,PtSn,1,-4.3105692337452364e-09,0.23852948603808158,0.1277331116266041
Pt3Sn2O1,400K,400,Sn,1,-3.0042921019711884e-09,0.04627935836018511,0.1535694019447571
Pt3Sn2O1,600K,600,Pt,1,-3.891014725408386e-09,0.08596106038234097,0.16171144847850352
Pt3Sn2O1,600K,600,PtSn,1,-4.843882209888884e-09,0.12253245586447299,0.18042138359814414
Pt3Sn2O1,600K,600,Sn,1,-7.192653165092724e-09,0.13661379369409604,0.22654078008581294
Pt3Sn2O1,700K,700,Pt,1,6.763835537926299e-09,0.1302889803518357,0.15296231428964358
Pt3Sn2O1,700K,700,PtSn,1,7.677496620807317e-09,0.19582380486152842,0.1652516459449097
Pt3Sn2O1,700K,700,Sn,1,9.92964587281495e-09,0.17686722913208544,0.19554444246248284
Pt3Sn2O1,800K,800,Pt,2,-1.7083162909995656e-08,0.07840729202368704,0.41353192657446153
Pt3Sn2O1,800K,800,PtSn,2,-1.1923614672215942e-08,0.059229422520122206,0.3720613658279742
Pt3Sn2O1,800K,800,Sn,4,-4.4780567626747994e-11,8.946276483133521e-06,0.26251917765619465
Pt3Sn2O1,900K,900,Pt,3,-4.1506471692198876e-09,0.06332995215141458,0.30531755467308724
Pt3Sn2O1,900K,900,PtSn,3,-3.657527661918877e-09,0.060913709578368946,0.30794760542780264
Pt3Sn2O1,900K,900,Sn,1,-2.2714193488983564e-08,0.3623377826607602,0.4668150503081253
Pt2Sn2O1,1100K,1100,Pt,2,2.2203051636979695e-06,0.9288563975540334,2.8200553446481837
Pt2Sn2O1,1100K,1100,PtSn,2,1.5185178892104753e-06,0.9269548441972042,2.1314091520983496
Pt2Sn2O1,1100K,1100,Sn,2,3.6526005245611285e-07,0.8424968373796025,0.9997441929770616
Pt2Sn2O1,200K,200,Pt,2,-2.1808066661732262e-09,0.10504867318234765,0.09380916082741092
Pt2Sn2O1,200K,200,PtSn,2,-1.4040703447151904e-09,0.05528452415074795,0.09046843067014917
Pt2Sn2O1,200K,200,Sn,2,-8.548639547921043e-10,0.015846685660027837,0.08297410470650847
Pt2Sn2O1,600K,600,Pt,2,8.995899717277552e-09,0.0664443424132931,0.297639760219159
Pt2Sn2O1,600K,600,PtSn,2,8.059603037151692e-09,0.07371021868226557,0.28576381679263646
Pt2Sn2O1,600K,600,Sn,2,6.5209704973974845e-09,0.07431273181639034,0.2662479017287268
Pt2Sn2O1,800K,800,Pt,1,3.695391667073007e-07,0.6945332762652919,0.10610813514393591
Pt2Sn2O1,800K,800,PtSn,1,2.9947454620312125e-07,0.6941308094051524,0.17667297535793702
Pt2Sn2O1,800K,800,Sn,1,1.8433623910376636e-07,0.6793875589393112,0.29263347627968084
Pt2Sn2O1,900K,900,Pt,1,1.9067514328578747e-06,0.8584987709792623,-0.47848850391955366
Pt2Sn2O1,900K,900,PtSn,1,1.5330167897899076e-06,0.8588482896347724,-0.28079653888478706
Pt2Sn2O1,900K,900,Sn,1,9.188544667879934e-07,0.8539380713604393,0.044068048477685196
g-1-O1Sn4Pt3,1000K,1000,Pt,1,2.4793035547102686e-06,0.7905766681876462,17.34196960557808
g-1-O1Sn4Pt3,1000K,1000,PtSn,1,2.2987674671918565e-06,0.8087802428325405,15.162648028215761
g-1-O1Sn4Pt3,1000K,1000,Sn,1,2.0762604480920653e-06,0.7952461665256257,12.47665371457522
g-1-O1Sn4Pt3,1100K,1100,Pt,3,1.226660016570951e-06,0.9401408456212805,5.297674797814124
g-1-O1Sn4Pt3,1100K,1100,PtSn,5,6.288254296762395e-07,0.9429168012087806,3.8904546276316285
g-1-O1Sn4Pt3,1100K,1100,Sn,5,3.1024345421480897e-07,0.7513376036361821,2.362129481306326
g-1-O1Sn4Pt3,200K,200,Pt,2,-2.1785199612182756e-08,0.33256370585192135,0.44086944747226575
g-1-O1Sn4Pt3,200K,200,PtSn,1,-5.699519013417135e-08,0.35786938300657334,0.8660753718482828
g-1-O1Sn4Pt3,200K,200,Sn,1,-6.555349673206829e-08,0.3224214093073676,0.9745220907103052
g-1-O1Sn4Pt3,400K,400,Pt,1,1.5284692489383925e-07,0.5542389841600274,0.364981498653454
g-1-O1Sn4Pt3,400K,400,PtSn,3,5.28847432579351e-08,0.3199033531745076,0.6844009061256144
g-1-O1Sn4Pt3,400K,400,Sn,3,5.121393318650624e-08,0.27264283315703397,0.751853019951354
g-1-O1Sn4Pt3,500K,500,Pt,2,1.4466282876018957e-08,0.00975869454308633,1.3118976873209571
g-1-O1Sn4Pt3,500K,500,PtSn,4,1.5961657797584144e-08,0.03999292310617011,1.0386806906432189
g-1-O1Sn4Pt3,500K,500,Sn,4,2.116186204449958e-08,0.08214715858403274,1.0742990977096536
g-1-O1Sn4Pt3,600K,600,Pt,2,6.654351486270802e-07,0.8141382466435422,3.6143129197965664
g-1-O1Sn4Pt3,600K,600,PtSn,2,5.493599981938766e-07,0.7983675467845247,3.596306628048158
g-1-O1Sn4Pt3,600K,600,Sn,2,4.062991384028039e-07,0.7533779658113616,3.574113150443346
g-1-O1Sn4Pt3,900K,900,Pt,3,1.0776963973062272e-06,0.6630001519700394,12.205042555715181
g-1-O1Sn4Pt3,900K,900,PtSn,5,9.934358415612893e-07,0.8009800083416453,8.7533818950422
g-1-O1Sn4Pt3,900K,900,Sn,5,8.928582668482415e-07,0.8232262697619008,7.804888492418707
pt7sn1-1,1000K,1000,Pt,1,1.379842487558121e-06,0.8565518373537584,9.385844424925397
pt7sn1-1,1000K,1000,PtSn,1,1.1911655439911664e-06,0.7585896500711294,10.70194461924978
pt7sn1-1,1000K,1000,Sn,1,-9.79221021807373e-07,0.14340593939597904,25.841308794280433
pt7sn1-1,1100K,1100,Pt,3,6.871896979357062e-07,0.5900013851278995,11.12285489540754
pt7sn1-1,1100K,1100,PtSn,3,6.784415762748569e-07,0.562244216240074,11.452705573095349
pt7sn1-1,1100K,1100,Sn,3,5.778103993311075e-07,0.21551395040772825,15.247027779947777
pt7sn1-1,900K,900,Pt,1,7.695664004821283e-07,0.6942872600467825,6.199413146670273
pt7sn1-1,900K,900,PtSn,1,9.525838158117138e-07,0.6702832513072073,6.547153354150224
pt7sn1-1,900K,900,Sn,1,3.0578684682346425e-06,0.42622646382077994,10.547285632887117
pt6sn2,1000K,1000,Pt,1,1.9528643236917107e-06,0.8600551716345192,10.500852036446737
pt6sn2,1000K,1000,PtSn,1,1.7227928734730403e-06,0.8180494404202687,11.34594257860124
pt6sn2,1000K,1000,Sn,1,5.885552568357725e-07,0.14299032471421416,15.512188267382703
pt6sn2,1100K,1100,Pt,1,1.81217454403949e-06,0.7782826141329234,14.682543453139083
pt6sn2,1100K,1100,PtSn,1,1.7880130962165945e-06,0.7840249576670761,13.956138284151528
pt6sn2,1100K,1100,Sn,1,1.6688975429870846e-06,0.7160491110782277,10.375021520518196
pt6sn2,900K,900,Pt,1,1.257861600862333e-06,0.8476035895226521,8.00815002313248
pt6sn2,900K,900,PtSn,1,1.0100901268499193e-06,0.7647293403006955,8.719225068704187
pt6sn2,900K,900,Sn,1,-2.1140730425664206e-07,0.0646833194760537,12.22477820400603
pt5sn3-1-best,900K,900,Pt,1,1.5565921964173015e-06,0.8599493337064018,8.213369988255563
pt5sn3-1-best,900K,900,PtSn,1,1.2850864427445404e-06,0.8106301067552485,8.876771042062252
pt5sn3-1-best,900K,900,Sn,1,5.414721017605476e-07,0.2555920870965016,10.69372711777669
pt4sn4-2,1000K,1000,Pt,2,5.39212456094183e-06,0.8389385003741315,21.88081625016678
pt4sn4-2,1000K,1000,PtSn,2,5.57673065946535e-06,0.8663058867732438,23.649434122642454
pt4sn4-2,1000K,1000,Sn,2,5.880097937422421e-06,0.8944392443030678,26.55582244377314
pt4sn4-2,600K,600,Pt,1,4.260667034370936e-06,0.8217540119714306,13.683912327798552
pt4sn4-2,600K,600,PtSn,1,4.303928667529205e-06,0.816601210026376,14.205235495759972
pt4sn4-2,600K,600,Sn,1,4.375020914150612e-06,0.806719283707151,15.061927692023175
pt3sn5,1000K,1000,Pt,3,2.0953070043536706e-05,0.9161375919287683,0.5127286958485939
pt3sn5,1000K,1000,PtSn,3,2.1584610172420157e-05,0.9199552165458632,-0.866685479450453
pt3sn5,1000K,1000,Sn,3,2.2207299430667838e-05,0.9221920320659691,-2.226767636523661
pt3sn5,1100K,1100,Pt,3,1.136354578817934e-06,0.5590977625569918,16.278537220180397
pt3sn5,1100K,1100,PtSn,3,1.0403432887927372e-06,0.5637769598529543,17.92855312084737
pt3sn5,1100K,1100,Sn,3,9.456764127236311e-07,0.5241857695254664,19.555453552915303
pt3sn5,700K,700,Pt,1,-2.561304051649297e-07,0.04871964029329929,15.62315587161467
pt3sn5,700K,700,PtSn,1,-6.03721154595338e-09,7.440063946781482e-05,15.59672547041019
pt3sn5,700K,700,Sn,1,2.4055160224935984e-07,0.14136390383235184,15.570664171569037
pt3sn5,800K,800,Pt,1,1.432706702321204e-06,0.763733092434852,5.392869504349216
pt3sn5,800K,800,PtSn,1,1.7176969953045893e-06,0.8966220987732287,7.828256622779676
pt3sn5,800K,800,Sn,1,1.9986956636931225e-06,0.8831158460594932,10.229514852602188
pt3sn5,900K,900,Pt,1,-3.385819418639646e-07,0.2440959778188477,9.51519150610308
pt3sn5,900K,900,PtSn,1,3.940454028693744e-07,0.21835048123881362,10.099681878287246
pt3sn5,900K,900,Sn,1,1.1164079698182067e-06,0.502392923338959,10.675978889506727
pt8sn9-1-best,1000K,1000,Pt,3,1.042075045933333e-05,0.9862843589910025,-3.579182322026746
pt8sn9-1-best,1000K,1000,PtSn,4,8.445923324532674e-06,0.9886409258278556,2.819266012605631
pt8sn9-1-best,1000K,1000,Sn,4,8.346720155624351e-06,0.9869708327159877,7.562455789867606
pt8sn9-1-best,1100K,1100,Pt,5,7.896975086270088e-06,0.9487054712928975,24.41090403662657
pt8sn9-1-best,1100K,1100,PtSn,5,7.972808079063891e-06,0.9408402307110336,28.74287216629461
pt8sn9-1-best,1100K,1100,Sn,5,8.083582215122126e-06,0.9256172578964702,35.07068457439706
pt8sn9-1-best,900K,900,Pt,4,3.2837116846087313e-06,0.9719975107405603,8.120079065857986
pt8sn9-1-best,900K,900,PtSn,5,3.5129366229902594e-06,0.9891315596989471,8.865819066312966
pt8sn9-1-best,900K,900,Sn,5,4.53787018854383e-06,0.9881759815645493,9.44238353642481
pt8sn8-1-best,1000K,1000,Pt,3,3.958290207034606e-06,0.9445259352867321,7.265890290832278
pt8sn8-1-best,1000K,1000,PtSn,4,3.983214946082698e-06,0.9630601174801485,8.544280820761227
pt8sn8-1-best,1000K,1000,Sn,4,4.594604780702147e-06,0.9692942712964194,9.856775965655832
pt8sn8-1-best,1100K,1100,Pt,5,2.72988957292471e-06,0.8586669563143825,19.915865853721197
pt8sn8-1-best,1100K,1100,PtSn,5,2.844347894259132e-06,0.8498058090027276,22.59684597025091
pt8sn8-1-best,1100K,1100,Sn,5,3.0324399784387643e-06,0.8299380755726259,27.0025431331318
pt8sn8-1-best,300K,300,Pt,1,1.394928262390513e-08,0.03331074081238302,0.8100978790723697
pt8sn8-1-best,300K,300,PtSn,1,1.7743628223789917e-08,0.045229875585548356,0.8512092477097744
pt8sn8-1-best,300K,300,Sn,1,2.3978947939696478e-08,0.06276091224387817,0.9187681230175552
pt8sn8-1-best,700K,700,Pt,1,4.029307700481334e-06,0.9208273610251537,1.6980378312887225
pt8sn8-1-best,700K,700,PtSn,1,5.1080848362021765e-06,0.927968465153669,1.6335814644471789
pt8sn8-1-best,700K,700,Sn,1,6.880857020131132e-06,0.9318286074386332,1.5276611725148044
pt8sn8-1-best,900K,900,Pt,4,2.211587120607496e-06,0.9054483157106206,9.040414917458182
pt8sn8-1-best,900K,900,PtSn,4,2.365006759741058e-06,0.8777722241286983,11.643695228067239
pt8sn8-1-best,900K,900,Sn,4,2.617123248576002e-06,0.8299101390998046,15.921713257578864
pt8sn7-1-best,1100K,1100,Pt,2,2.1881794017096076e-06,0.9230254911049607,9.90695497922969
pt8sn7-1-best,1100K,1100,PtSn,2,3.2239924060529787e-06,0.9682531169118128,8.542496381154304
pt8sn7-1-best,1100K,1100,Sn,2,5.169328953722863e-06,0.9724916154189928,5.979937869101853
pt8sn7-1-best,300K,300,Pt,1,7.363787065671244e-08,0.7738499909639643,0.24746567623565835
pt8sn7-1-best,300K,300,PtSn,1,6.820338454837406e-08,0.7676785316538881,0.2822198141318242
pt8sn7-1-best,300K,300,Sn,1,5.799701678455666e-08,0.7256668994446339,0.34749082507428836
pt8sn7-1-best,400K,400,Pt,1,3.173627358086116e-07,0.8930897434338376,0.4650121373550722
pt8sn7-1-best,400K,400,PtSn,1,4.602668441277631e-07,0.8929574030487346,0.5308181067187694
pt8sn7-1-best,400K,400,Sn,1,7.286515901072253e-07,0.8840229991635078,0.6544071081359601
pt8sn7-1-best,500K,500,Pt,1,3.5281255030268604e-07,0.8814009716372125,0.26531059784752054
pt8sn7-1-best,500K,500,PtSn,1,4.2125205259689276e-07,0.8994551912401269,0.2889794407383892
pt8sn7-1-best,500K,500,Sn,1,5.497867840891028e-07,0.9128172175275091,0.3334311217416204
pt8sn7-1-best,600K,600,Pt,1,7.092888099250488e-07,0.8035336685958825,2.429599978608984
pt8sn7-1-best,600K,600,PtSn,1,8.62552988478201e-07,0.9194961971263323,2.067817062312023
pt8sn7-1-best,600K,600,Sn,1,1.150394465813503e-06,0.9763750160702904,1.3883638807336913
pt8sn7-1-best,700K,700,Pt,1,1.430543844125868e-06,0.9509250478978841,-0.5565490929855716
pt8sn7-1-best,700K,700,PtSn,2,1.2065516530821117e-06,0.9542497652173559,0.23681349413530395
pt8sn7-1-best,700K,700,Sn,2,1.778694135838845e-06,0.9512764162591095,0.4532925478250096
pt8sn7-1-best,800K,800,Pt,1,1.6650730539694886e-06,0.9378282124842386,2.0573989358220928
pt8sn7-1-best,800K,800,PtSn,1,1.946194239461347e-06,0.9430594606294038,2.793055989832027
pt8sn7-1-best,800K,800,Sn,1,2.474161554032863e-06,0.925128640928867,4.174675568846711
pt8sn6-1-best,1000K,1000,Pt,1,1.1701053602104609e-05,0.9687987376176305,1.4336832497571095
pt8sn6-1-best,1000K,1000,PtSn,1,1.1923444195707678e-05,0.9707655861405318,4.2574147336932455
pt8sn6-1-best,1000K,1000,Sn,1,1.2410728787908275e-05,0.9675343967564679,10.444449049845275
pt8sn6-1-best,1100K,1100,Pt,4,1.9757261236120893e-06,0.7023841334187343,19.643401654407374
pt8sn6-1-best,1100K,1100,PtSn,4,2.360691654279634e-06,0.7563637594086516,19.940342836423326
pt8sn6-1-best,1100K,1100,Sn,4,3.204186434406344e-06,0.8237868246125991,20.590968492955632
pt8sn6-1-best,300K,300,Pt,1,-1.5808796295085577e-08,0.5393793714579419,0.316700690160314
pt8sn6-1-best,300K,300,PtSn,1,-1.6204753559276598e-08,0.5241130370935344,0.3387420390683814
pt8sn6-1-best,300K,300,Sn,1,-1.7072319191780933e-08,0.4533314736425291,0.3870365880849888
pt8sn6-1-best,400K,400,Pt,1,5.67588399461647e-07,0.8794682968352167,0.15391070445330968
pt8sn6-1-best,400K,400,PtSn,1,6.111569899077206e-07,0.883486840244043,0.11298468038276077
pt8sn6-1-best,400K,400,Sn,1,7.06619829486429e-07,0.8864622013914091,0.02331168539899231
pt8sn6-1-best,500K,500,Pt,1,8.855194526702748e-07,0.9433867592248149,1.1099657318390683
pt8sn6-1-best,500K,500,PtSn,1,9.433836847475069e-07,0.9567393140961946,1.5777356132726892
pt8sn6-1-best,500K,500,Sn,1,1.070170912124372e-06,0.9529721547305637,2.6026558597977054
pt8sn6-1-best,600K,600,Pt,1,2.672523286928791e-07,0.5423276579446608,1.139678345634178
pt8sn6-1-best,600K,600,PtSn,1,3.008345626925613e-07,0.5161129008810086,1.3794194924092735
pt8sn6-1-best,600K,600,Sn,1,3.7441610445428065e-07,0.44792825063692454,1.904714514214104
pt8sn6-1-best,700K,700,Pt,1,4.391782128172367e-06,0.9668470534435163,-1.1083789050918433
pt8sn6-1-best,700K,700,PtSn,1,4.4105384918235756e-06,0.9689587372560775,-0.8513278451697275
pt8sn6-1-best,700K,700,Sn,1,4.451636004653939e-06,0.9724098649346515,-0.2881056592763578
pt8sn6-1-best,800K,800,Pt,1,3.665486403633734e-06,0.7730975775597744,0.20200619013379395
pt8sn6-1-best,800K,800,PtSn,1,3.1039531321772536e-06,0.7333241974624995,2.7034878297516656
pt8sn6-1-best,800K,800,Sn,1,1.8735863145957874e-06,0.5575334531099043,8.18444877160162
pt8sn6-1-best,900K,900,Pt,2,3.363643148720994e-06,0.8541644684466946,9.276208805803801
pt8sn6-1-best,900K,900,PtSn,2,3.5787910729965387e-06,0.8759722470715047,9.562817664987161
pt8sn6-1-best,900K,900,Sn,2,4.050201346609651e-06,0.9068923081316845,10.190795730767736
pt8sn5-1-best,1000K,1000,Pt,3,5.775992892683448e-06,0.9019485344012598,13.173812815899474
pt8sn5-1-best,1000K,1000,PtSn,3,5.7048242533116935e-06,0.89469382201982,14.496533428587835
pt8sn5-1-best,1000K,1000,Sn,3,5.517698969015509e-06,0.8717926311427884,17.974361557194676
pt8sn5-1-best,1100K,1100,Pt,5,2.2371114149650076e-05,0.9952721843505521,-1.536093568928223
pt8sn5-1-best,1100K,1100,PtSn,5,2.2324303560001824e-05,0.9949688190654662,0.09396872067043205
pt8sn5-1-best,1100K,1100,Sn,5,2.220121452059778e-05,0.9935300806436823,4.379902338994867
pt8sn5-1-best,300K,300,Pt,1,-7.079336437197892e-09,0.04647393150313716,0.35127875728597735
pt8sn5-1-best,300K,300,PtSn,1,-7.928339028671518e-09,0.04282771953784341,0.40593127416915376
pt8sn5-1-best,300K,300,Sn,1,-1.0160635995951307e-08,0.03540658883412307,0.5496293099278994
pt8sn5-1-best,600K,600,Pt,1,1.6151479132314433e-06,0.9554528960872535,-0.19743661501109777
pt8sn5-1-best,600K,600,PtSn,1,1.611723066640778e-06,0.9525100629785667,-0.21390435209273306
pt8sn5-1-best,600K,600,Sn,1,1.6027166342832685e-06,0.9384563161253091,-0.2572011300843098
pt8sn5-1-best,700K,700,Pt,1,1.2182251344698214e-06,0.962355789858252,-0.3676513877060099
pt8sn5-1-best,700K,700,PtSn,1,1.4333244420241324e-06,0.968961702735073,-0.4460904901577658
pt8sn5-1-best,700K,700,Sn,1,1.998884786052734e-06,0.9737824992228082,-0.6523277224186934
pt8sn5-1-best,900K,900,Pt,3,2.21444939004585e-06,0.9450346829970075,9.120795138524665
pt8sn5-1-best,900K,900,PtSn,3,2.3251685311282603e-06,0.942578127057706,10.135578583836688
pt8sn5-1-best,900K,900,Sn,4,2.2936813268290292e-06,0.8680420830632012,13.047046103128084
pt8sn4-1-best,1000K,1000,Pt,5,7.679174182158835e-07,0.44901053419992754,15.241940372335545
pt8sn4-1-best,1000K,1000,PtSn,5,1.0573314170976618e-06,0.6523936501790786,14.994671188774285
pt8sn4-1-best,1000K,1000,Sn,5,2.008529447358319e-06,0.9227846084856666,14.181977768282326
pt8sn4-1-best,1100K,1100,Pt,3,3.918403603740906e-06,0.962163653128657,15.339900743552413
pt8sn4-1-best,1100K,1100,PtSn,3,4.054535156784217e-06,0.962582083748114,16.944412984734157
pt8sn4-1-best,1100K,1100,Sn,3,4.501950267600963e-06,0.9242727394068874,22.217838207802515
pt8sn4-1-best,300K,300,Pt,1,-6.696624597731209e-09,0.14701911780657315,0.2020392749071528
pt8sn4-1-best,300K,300,PtSn,2,-2.3128138236112787e-09,0.0323846084507903,0.19153138623963126
pt8sn4-1-best,300K,300,Sn,2,-5.468219681854069e-09,0.08601152435282511,0.2839761929564026
pt8sn4-1-best,400K,400,Pt,1,-8.258154743701403e-09,0.14444687322724156,0.277084327154487
pt8sn4-1-best,400K,400,PtSn,1,-9.283385795459225e-09,0.13925531228749674,0.32161694755448883
pt8sn4-1-best,400K,400,Sn,1,-1.2652969907491936e-08,0.11346485143800233,0.46797932024746736
pt8sn4-1-best,500K,500,Pt,1,-9.525819121919374e-09,0.31607801938426505,0.2684403595041395
pt8sn4-1-best,500K,500,PtSn,1,-1.0380289320482888e-08,0.2960163417768449,0.32039088877885946
pt8sn4-1-best,500K,500,Sn,1,-1.3188624115551665e-08,0.17107144099937766,0.49113309002001393
pt8sn4-1-best,800K,800,Pt,1,1.970300332445504e-06,0.9743105038756883,3.1477955628012957
pt8sn4-1-best,800K,800,PtSn,1,1.7263590376467387e-06,0.9655804374587651,3.8120309294675607
pt8sn4-1-best,800K,800,Sn,1,9.246143006997163e-07,0.7707469917030345,5.995131878514302
pt8sn4-1-best,900K,900,Pt,3,9.4988555619404e-07,0.902235333722945,8.506848455697492
pt8sn4-1-best,900K,900,PtSn,3,1.078594225167122e-06,0.89016933636041,9.563879319595728
pt8sn4-1-best,900K,900,Sn,3,1.5016120452952612e-06,0.7295684669010439,13.037948193573861
pt8sn3-1-best,1000K,1000,Pt,6,3.302648502860023e-06,0.9479970547494299,8.462811074541083
pt8sn3-1-best,1000K,1000,PtSn,6,3.3927286365585855e-06,0.939606327020081,8.701166039215199
pt8sn3-1-best,1000K,1000,Sn,4,3.3522079715137247e-06,0.7903949744349933,13.117126971681774
pt8sn3-1-best,1100K,1100,Pt,3,2.2922983279595456e-06,0.8993164296476986,11.870757023196267
pt8sn3-1-best,1100K,1100,PtSn,4,2.1731866333395733e-06,0.8930200553111617,12.128198811652975
pt8sn3-1-best,1100K,1100,Sn,4,1.8993620659254349e-06,0.8127446168399032,15.665853116874956
pt8sn3-1-best,300K,300,Pt,1,2.0358091582590457e-07,0.9497871326305658,0.073015849661479
pt8sn3-1-best,300K,300,PtSn,1,2.478603803952378e-07,0.9521674104366259,0.06253883549475847
pt8sn3-1-best,300K,300,Sn,1,4.419007889752567e-07,0.9510780286500169,0.016626310961114665
pt8sn3-1-best,600K,600,Pt,2,4.642165251607638e-07,0.9375718881258537,0.8077206110529009
pt8sn3-1-best,600K,600,PtSn,1,7.518517993668073e-07,0.9231961321412607,0.899967101579505
pt8sn3-1-best,600K,600,Sn,2,2.591313917816869e-07,0.6603638149890094,2.262620948035775
pt8sn3-1-best,700K,700,Pt,1,7.603468920829624e-07,0.8778146422806028,2.3887062215264105
pt8sn3-1-best,700K,700,PtSn,1,1.0723870098257342e-06,0.930353148210891,2.3987885023015165
pt8sn3-1-best,700K,700,Sn,1,2.43980239082848e-06,0.9637637066283274,2.4429683767515353
pt8sn3-1-best,800K,800,Pt,1,2.6083050827358303e-06,0.9497298964675839,3.611180302313672
pt8sn3-1-best,800K,800,PtSn,1,3.212506987915372e-06,0.9623235101449237,3.252009055836613
pt8sn3-1-best,800K,800,Sn,1,5.86022400315e-06,0.974398621948776,1.6780653340433744
pt8sn3-1-best,900K,900,Pt,2,1.4204128564624629e-06,0.8920197237278674,9.11062818142717
pt8sn3-1-best,900K,900,PtSn,2,1.5298179906815549e-06,0.928709862715693,8.554419013608166
pt8sn3-1-best,900K,900,Sn,1,3.5297232951540136e-06,0.8046187513939053,4.871086120326893
pt8sn2-1-best,1000K,1000,Pt,6,1.933749585207514e-06,0.7293220744543779,14.433603869273313
pt8sn2-1-best,1000K,1000,PtSn,6,1.8974636977687724e-06,0.7099167141934118,15.026986295664395
pt8sn2-1-best,1000K,1000,Sn,6,1.658946456890199e-06,0.5533612477837511,18.92745060617332
pt8sn2-1-best,1100K,1100,Pt,5,2.2439437107395027e-06,0.9287537415993243,13.857038124035542
pt8sn2-1-best,1100K,1100,PtSn,5,2.163802329670285e-06,0.9121321210129809,14.813940844791444
pt8sn2-1-best,1100K,1100,Sn,5,1.6370128088359815e-06,0.6742560665744034,21.10391941775189
pt8sn2-1-best,500K,500,Pt,1,9.936875312545714e-09,0.11515210263162819,0.2872381995207869
pt8sn2-1-best,500K,500,PtSn,1,1.1376378965718135e-08,0.1426318786209374,0.2958069502811626
pt8sn2-1-best,500K,500,Sn,1,2.083867078685827e-08,0.2255273243702027,0.35213132938135466
pt8sn2-1-best,600K,600,Pt,2,2.348210372629198e-09,0.011488235707439681,0.37549409017481455
pt8sn2-1-best,600K,600,PtSn,2,1.7052876453727054e-09,0.0058510513970979755,0.39883881751044375
pt8sn2-1-best,600K,600,Sn,2,-2.520795108824036e-09,0.004777241846473249,0.5522897801502854
pt8sn2-1-best,700K,700,Pt,1,8.347877419981188e-07,0.9551301049416404,0.022666746307300478
pt8sn2-1-best,700K,700,PtSn,3,2.5671364358179105e-07,0.9334553480589878,0.425117287364438
pt8sn2-1-best,700K,700,Sn,3,1.7268722130446183e-07,0.646706906578496,0.5203835407678697
pt8sn2-1-best,800K,800,Pt,4,1.2991853293474714e-06,0.9822548287935711,2.347356526913818
pt8sn2-1-best,800K,800,PtSn,3,1.106350074153342e-06,0.9202633875814181,4.219710703774558
pt8sn2-1-best,800K,800,Sn,2,-5.303034682288105e-07,0.15470906418472377,14.830868415653713
pt8sn2-1-best,900K,900,Pt,2,7.330451694671056e-06,0.9903742083536,-1.9296710169390252
pt8sn2-1-best,900K,900,PtSn,2,7.233460572201094e-06,0.992730760122764,-0.12580609019627786
pt8sn2-1-best,900K,900,Sn,4,3.4752641675136045e-06,0.9344223971039816,8.162618125556115
pt8sn10-2-best,1000K,1000,Pt,4,4.154140535497174e-06,0.9552204397977372,11.453010712032032
pt8sn10-2-best,1000K,1000,PtSn,5,4.238079262489419e-06,0.9772070081302108,14.261613424003734
pt8sn10-2-best,1000K,1000,Sn,5,4.9194105710841106e-06,0.9684905335830702,18.835240162093097
pt8sn10-2-best,1100K,1100,Pt,4,2.3864481378288604e-06,0.768830267991432,21.13137531724054
pt8sn10-2-best,1100K,1100,PtSn,6,3.950321880563886e-06,0.9361098102811644,19.963762366490815
pt8sn10-2-best,1100K,1100,Sn,6,4.39739577902846e-06,0.9299879453759679,23.953382133151955
pt8sn10-2-best,300K,300,Pt,1,8.15597560468872e-07,0.8750608636461725,-0.34414292120874324
pt8sn10-2-best,300K,300,PtSn,1,1.2900829090437584e-06,0.9272075550335084,-0.6179079808954571
pt8sn10-2-best,300K,300,Sn,1,1.913865975449112e-06,0.9493487222721958,-0.9778119446100639
pt8sn10-2-best,500K,500,Pt,2,2.31829842755933e-07,0.6301338072723899,2.0918602261310477
pt8sn10-2-best,500K,500,PtSn,4,5.33528060909907e-07,0.9513658302893899,1.7518065197628614
pt8sn10-2-best,500K,500,Sn,4,8.933325849692487e-07,0.963483042383647,2.367927962380638
pt8sn10-2-best,700K,700,Pt,1,9.640684886974796e-07,0.6508492736056303,11.588938304090039
pt8sn10-2-best,700K,700,PtSn,1,1.8353068941799018e-06,0.7695602840493296,14.232531440523774
pt8sn10-2-best,700K,700,Sn,1,2.980683227061413e-06,0.7622663427216804,17.707935607608768
pt8sn10-2-best,800K,800,Pt,1,2.0564346773245443e-06,0.8843774433769384,4.4826784837924
pt8sn10-2-best,800K,800,PtSn,1,3.1415397722615445e-06,0.952381248833498,4.846095007800816
pt8sn10-2-best,800K,800,Sn,1,4.568075858103571e-06,0.9764884946644921,5.323866636816277
pt8sn10-2-best,900K,900,Pt,6,3.5951835795609867e-06,0.9764244958372901,7.8605553759006455
pt8sn10-2-best,900K,900,PtSn,4,4.0670504722105185e-06,0.9505722786704891,11.542926154454268
pt8sn10-2-best,900K,900,Sn,4,4.5130705375268776e-06,0.9505560705886126,14.570532836025048
pt8sn1-2-best,1000K,1000,Pt,5,1.7147066856375224e-06,0.8095256252818415,10.649040811888492
pt8sn1-2-best,1000K,1000,PtSn,5,1.8023922147241624e-06,0.769296273258942,11.589003122199465
pt8sn1-2-best,1000K,1000,Sn,5,2.9551472920797417e-06,0.4251455187753078,23.9462643154576
pt8sn1-2-best,1100K,1100,Pt,4,3.991971269871458e-06,0.9526282778435391,7.244786159484459
pt8sn1-2-best,1100K,1100,PtSn,4,3.892616864119391e-06,0.9460329285686514,7.909509535394129
pt8sn1-2-best,1100K,1100,Sn,6,2.3803494596395453e-06,0.6335684490116974,18.160125765033207
pt8sn1-2-best,300K,300,Pt,4,-6.970824832144595e-10,0.0065297002305632545,0.17754967770014055
pt8sn1-2-best,300K,300,PtSn,4,-7.74457357057325e-10,0.007497570186424382,0.18210604341319409
pt8sn1-2-best,300K,300,Sn,2,-1.1447518495818484e-09,0.0012426683885411835,0.286555030454756
pt8sn1-2-best,400K,400,Pt,3,-2.1958259265936446e-08,0.5578413221708931,0.4289029226778923
pt8sn1-2-best,400K,400,PtSn,3,-2.3090642800449437e-08,0.5680412889483532,0.44172026258348196
pt8sn1-2-best,400K,400,Sn,1,-9.680658269060339e-08,0.589680249771342,1.066511460520453
pt8sn1-2-best,500K,500,Pt,1,4.3002635393618655e-07,0.9412351194034628,0.09103890089682887
pt8sn1-2-best,500K,500,PtSn,1,4.087582698085196e-07,0.9404536235803043,0.10250494902898355
pt8sn1-2-best,500K,500,Sn,3,1.2422765935339766e-07,0.6573140668634398,0.6114234244679607
pt8sn1-2-best,600K,600,Pt,1,2.276412754758694e-06,0.9708357552061152,0.6370279472097025
pt8sn1-2-best,600K,600,PtSn,1,2.4110123204217374e-06,0.9619580739961141,0.9069428833185729
pt8sn1-2-best,600K,600,Sn,1,4.1805238491047336e-06,0.8459150748367927,4.455408313747466
pt8sn1-2-best,700K,700,Pt,3,3.277055769518249e-07,0.895505444239914,1.5024680515432982
pt8sn1-2-best,700K,700,PtSn,3,2.8623953062961964e-07,0.8627787868156848,1.8652398020720997
pt8sn1-2-best,700K,700,Sn,1,-8.574974303412545e-07,0.19802987769928232,18.247353231286276
pt8sn1-2-best,800K,800,Pt,1,6.008662041664309e-07,0.7518948542113796,3.9792389838815954
pt8sn1-2-best,800K,800,PtSn,1,5.590476900899293e-07,0.6659275747887147,4.672547384383856
pt8sn1-2-best,800K,800,Sn,1,9.280722140310433e-09,5.242610286027953e-05,13.787137736644075
pt8sn1-2-best,900K,900,Pt,4,1.243823420534908e-06,0.8825137855649526,7.13595035531048
pt8sn1-2-best,900K,900,PtSn,4,1.144790376259667e-06,0.8073384087557496,7.991214120765529
pt8sn1-2-best,900K,900,Sn,6,6.767368631422896e-07,0.09003443122347017,18.05793875778288
pt8sn0-2-best,1000K,1000,Pt,1,5.557739799626719e-07,0.819272140658058,-0.06487354857842531
pt8sn0-2-best,1000K,1000,Sn,1,5.557739799626719e-07,0.819272140658058,-0.06487354857842531
pt8sn0-2-best,1100K,1100,Pt,1,3.1508905617007242e-06,0.958571337101634,6.221410965613444
pt8sn0-2-best,1100K,1100,Sn,1,3.1508905617007242e-06,0.958571337101634,6.221410965613444
pt8sn0-2-best,400K,400,Pt,1,2.6666074767312206e-09,0.2986077209863709,0.048501854069591295
pt8sn0-2-best,400K,400,Sn,1,2.6666074767312206e-09,0.2986077209863709,0.048501854069591295
pt8sn0-2-best,500K,500,Pt,2,8.184015523550199e-10,0.014906572192029585,0.08259352991193607
pt8sn0-2-best,500K,500,Sn,2,8.184015523550199e-10,0.014906572192029585,0.08259352991193607
pt8sn0-2-best,600K,600,Pt,1,1.8144650677372793e-08,0.5544222031195085,0.08230632303868209
pt8sn0-2-best,600K,600,Sn,1,1.8144650677372793e-08,0.5544222031195085,0.08230632303868209
pt8sn0-2-best,900K,900,Pt,1,1.8659684364926425e-07,0.742943386561772,0.5867173256580249
pt8sn0-2-best,900K,900,Sn,1,1.8659684364926425e-07,0.742943386561772,0.5867173256580249
